,r,r,r,r,r,r,r,r,r,r,mean_reward,timesteps
0,-1758.3195879999998,-980.242257,-1286.884242,-1382.183099,-1219.332979,-1187.53235,-1425.856116,-973.7933,-1167.923473,-991.8575119999999,-1237.3924916,200
1,-1229.1756679999999,-752.662612,-1090.358427,-1275.643012,-1181.821917,-1346.994389,-976.572818,-966.6899070000001,-1147.0177,-1068.937493,-1103.5873943000001,400
2,-1376.189552,-928.9127480000001,-1296.370069,-1185.173569,-1446.488073,-812.524755,-1163.137511,-998.551315,-768.532765,-902.8906400000001,-1087.8770997000001,600
3,-1063.25848,-971.2374619999999,-1427.8076,-898.2347880000001,-1174.952465,-751.435918,-1076.627466,-899.3999880000001,-1012.0978140000001,-860.7630839999999,-1013.5815065,800
4,-1370.325351,-1770.7170230000002,-967.532914,-1168.288427,-858.41039,-1170.932732,-872.0892640000001,-869.112025,-1032.9014439999999,-862.567116,-1094.2876686,1000
5,-858.101684,-1043.169946,-1071.469432,-855.72131,-871.0384130000001,-999.890319,-867.974078,-779.853931,-892.3827980000001,-1749.015182,-998.8617093,1200
6,-1625.179028,-1647.6868980000002,-1289.465766,-1655.047364,-870.9609529999999,-1169.256873,-1283.729438,-1436.605587,-769.61025,-1076.1283130000002,-1282.3670470000002,1400
7,-1266.644905,-978.602883,-1555.486086,-1166.691312,-1122.082003,-1300.7111439999999,-1553.260624,-872.610326,-1082.3243220000002,-1650.01025,-1254.8423854999999,1600
8,-1800.647272,-1008.3024019999999,-967.440968,-1227.463262,-1091.1378869999999,-1723.0289510000002,-761.135841,-1260.5822679999999,-1557.1409039999999,-695.856956,-1209.2736711,1800
9,-880.7817210000001,-1275.281693,-1587.687845,-1392.493679,-1181.0164849999999,-1222.262066,-1438.095523,-1251.706287,-827.9976059999999,-1100.4623789999998,-1215.7785284000001,2000
10,-1649.0210339999999,-865.771956,-1331.599623,-1267.003664,-1245.0166060000001,-1453.4463369999999,-1159.5350019999998,-884.637135,-931.655218,-1289.621625,-1207.73082,2200
11,-1366.942299,-866.7500970000001,-1259.4268789999999,-1200.809887,-1258.190405,-1411.578538,-947.502933,-1075.14107,-1332.045328,-764.193983,-1148.2581419,2400
12,-1704.9921530000001,-777.372064,-1172.121774,-963.27861,-1193.252661,-1294.857652,-738.863355,-1449.7578740000001,-1257.374076,-1422.0754789999999,-1197.3945698000002,2600
13,-1108.6747369999998,-1652.527714,-870.325464,-1341.726046,-1180.932126,-788.4275660000001,-1499.898834,-1092.127976,-1376.459735,-1057.464276,-1196.8564474,2800
14,-755.4638,-1188.541606,-1329.487653,-1211.615656,-893.432743,-1528.144629,-971.064925,-1283.686758,-869.3714359999999,-1810.594365,-1184.1403570999998,3000
15,-1566.2923289999999,-1721.2939809999998,-1620.091629,-1865.0372960000002,-1415.812629,-1169.933555,-741.40676,-1486.329002,-967.15717,-853.794476,-1340.7148827,3200
16,-1697.080703,-1733.112814,-1764.043916,-1353.906443,-1183.644574,-854.377006,-1728.7968059999998,-816.813874,-1076.5910720000002,-1642.913407,-1385.1280615,3400
17,-1474.9481349999999,-1255.501994,-1339.883879,-1174.6165230000001,-848.773558,-1589.318921,-852.7609,-950.70153,-1628.6413380000001,-1361.4639140000002,-1247.6610692,3600
18,-840.9234720000001,-1548.597458,-1268.230458,-1284.317703,-1724.8081320000001,-1523.4677880000002,-1458.708209,-1717.763191,-994.205487,-1330.396354,-1369.1418251999999,3800
19,-1280.730017,-1506.871558,-1141.797456,-1607.367841,-1594.035978,-1287.44325,-1703.020416,-854.7907230000001,-1470.5631019999998,-1400.316793,-1384.6937134,4000
20,-1170.96572,-1744.030784,-1712.107761,-1517.7091679999999,-1570.748641,-1773.4014260000001,-869.568727,-1405.642638,-1609.51642,-1425.897627,-1479.9588912,4200
21,-1739.794345,-969.776757,-1337.485637,-866.4790449999999,-1231.8050640000001,-871.432787,-1445.7617710000002,-1547.782837,-1741.004026,-1318.5573470000002,-1306.9879616,4400
22,-1698.390112,-870.118986,-1128.80265,-1176.3006269999998,-876.9662189999999,-1588.56341,-1758.2076329999998,-1769.238238,-1218.925778,-860.9604429999999,-1294.6474096,4600
23,-1282.734146,-1602.993013,-1286.783534,-886.706041,-1550.035118,-1739.469918,-1611.807619,-1392.012898,-786.790888,-951.754846,-1309.1088021,4800
24,-1027.053765,-1577.9652199999998,-921.866409,-1180.251926,-1641.158853,-906.55515,-741.90428,-939.694761,-1736.0543969999999,-1413.002796,-1208.5507557,5000
25,-815.0598190000001,-1331.958028,-915.2750589999999,-1847.1828280000002,-1218.651308,-1137.349099,-948.481776,-1624.686748,-1554.9586630000001,-1524.310941,-1291.7914268999998,5200
26,-1218.134516,-1090.0576740000001,-1488.047443,-1072.344276,-1183.243254,-967.7692,-1678.9105690000001,-1655.4456519999999,-1471.7989890000001,-1258.293136,-1308.4044709000002,5400
27,-1653.369163,-1172.466141,-1469.3542539999999,-925.679115,-982.531578,-889.8757699999999,-931.025891,-963.82101,-1341.358242,-974.769558,-1130.4250722000002,5600
28,-1310.965831,-1141.7621490000001,-850.2617849999999,-863.02543,-772.427768,-863.8969789999999,-885.41849,-1660.819311,-1069.0812460000002,-1311.189096,-1072.8848085,5800
29,-871.918591,-706.133782,-1061.991644,-959.1666960000001,-786.96033,-756.727896,-1476.278557,-1019.347275,-960.018141,-1271.320667,-986.9863579,6000
30,-1246.138137,-1161.039864,-920.7444960000001,-1068.215014,-1495.735309,-891.1100039999999,-872.5057529999999,-1477.135207,-1268.4222320000001,-770.558906,-1117.1604922000001,6200
31,-969.976469,-1164.2744289999998,-1341.051649,-1565.728785,-979.872506,-750.869769,-1593.221839,-1153.449239,-1068.6332810000001,-1202.209906,-1178.9287872,6400
32,-1188.2126269999999,-884.060006,-1388.090531,-969.22689,-851.1870640000001,-1658.863047,-1249.4287689999999,-1019.947428,-1070.227402,-1093.174782,-1137.2418546000001,6600
33,-1046.19301,-998.5030519999999,-1421.0754220000001,-1772.7971280000002,-1520.253479,-1632.4164039999998,-1245.137175,-1593.561324,-1252.9011,-1576.9603960000002,-1405.9798489999998,6800
34,-1200.387351,-1071.6831029999998,-1809.775215,-1774.3424850000001,-1555.271978,-1070.879717,-1682.9146859999998,-969.4567369999999,-1563.341003,-1145.252593,-1384.3304868,7000
35,-1556.695891,-767.688765,-1602.8707060000002,-1702.619253,-987.405472,-1450.495995,-1191.187119,-1476.559551,-1173.944262,-883.3705160000001,-1279.2837530000002,7200
36,-1410.5121470000001,-1311.7398039999998,-1653.263994,-870.928049,-819.84779,-1060.7658210000002,-1155.0669599999999,-1212.658197,-1443.607972,-1821.933843,-1276.0324577000001,7400
37,-1414.672095,-1277.202414,-983.129686,-969.536165,-1282.942606,-978.056056,-1486.366121,-1332.475547,-1839.379391,-1294.918412,-1285.8678493000002,7600
38,-1061.353771,-1072.5848310000001,-872.0415289999999,-1247.382552,-995.688551,-1257.924466,-1495.0903230000001,-1650.067302,-1174.2504279999998,-1180.5961320000001,-1200.6979885,7800
39,-1074.130746,-762.319501,-1326.672812,-1799.037843,-1778.0693579999997,-1019.827276,-1061.1325880000002,-1802.876161,-1594.609424,-1249.8592210000002,-1346.853493,8000
40,-1275.731013,-1652.731139,-1774.461939,-1843.982738,-974.8769050000001,-959.885134,-1795.627881,-1479.7706210000001,-1108.835768,-880.4028050000001,-1374.6305942999998,8200
41,-1873.599848,-1160.877518,-1821.6405379999999,-873.9552269999999,-1210.0671630000002,-1833.535975,-1656.147788,-1388.222855,-1042.231969,-1740.0306620000001,-1460.0309542999998,8400
42,-845.500264,-863.191061,-1076.613707,-1666.910199,-1185.198814,-1492.68208,-1771.525562,-1299.989926,-1152.941671,-1721.9671460000002,-1307.6520430000003,8600
43,-1265.869484,-1159.3221130000002,-1717.856498,-874.781016,-1745.9681030000002,-1692.629384,-1495.907909,-875.9503380000001,-1691.731455,-1068.66021,-1358.867651,8800
44,-1780.0627379999999,-1074.6063390000002,-1254.25521,-1562.310056,-1793.7884559999998,-1326.45371,-1142.672429,-1543.944808,-946.676907,-1289.595973,-1371.4366625999999,9000
45,-983.060854,-887.1062599999999,-1834.725929,-1301.440053,-1267.238799,-1587.646043,-1822.8279079999998,-932.795578,-1159.370566,-1407.761141,-1318.3973130999998,9200
46,-1750.952554,-1187.635086,-1584.51331,-1068.775998,-1754.268837,-1494.9637910000001,-1028.857366,-1145.286141,-1162.015763,-747.5108809999999,-1292.4779727,9400
47,-1553.441451,-780.3309429999999,-1170.384078,-1802.2605019999999,-1783.894334,-769.765851,-1269.0409869999999,-1394.390685,-719.57869,-1176.544037,-1241.9631558,9600
48,-977.5267,-1069.692188,-1494.9636269999999,-1193.883449,-1624.2645890000001,-756.752733,-1464.235413,-1668.6650300000001,-1601.26832,-1619.18834,-1347.0440389,9800
49,-1353.765225,-1532.904211,-1318.2673619999998,-1585.135764,-1216.691445,-1398.271396,-1750.0101760000002,-1652.767213,-1771.015343,-978.2339810000001,-1455.7062116,10000
50,-1196.456638,-1024.77277,-1408.093559,-762.680629,-1565.689957,-1659.821105,-1641.263115,-1740.299029,-876.256045,-1327.2285570000001,-1320.2561404000003,10200
51,-882.665647,-1224.22251,-1199.485408,-868.125123,-1461.363605,-1078.595655,-1639.01153,-1803.703555,-1171.820296,-902.1298939999999,-1223.1123223,10400
52,-887.04251,-1656.357378,-896.7126529999999,-1368.620824,-1194.869944,-1481.340052,-1790.5140920000001,-1178.77237,-1306.306081,-890.968717,-1265.1504621,10600
53,-874.0929560000001,-1397.5859679999999,-1411.529681,-1186.566098,-1398.257232,-1552.7459800000001,-1116.193634,-1331.441093,-877.1681980000001,-1330.6939539999998,-1247.6274793999999,10800
54,-1552.232194,-1196.770595,-1095.1600230000001,-1445.118356,-1582.556065,-1521.013843,-1617.351347,-1101.256783,-1099.6171199999999,-1690.4697620000002,-1390.1546088000002,11000
55,-1205.6728679999999,-1762.157908,-1450.288346,-1516.622505,-1824.626773,-1451.2277869999998,-1189.395248,-950.145315,-1710.1436170000002,-1030.9431220000001,-1409.1223489,11200
56,-1459.557652,-902.6216789999999,-1484.841106,-1443.3051560000001,-1489.557072,-865.103401,-1152.038922,-1809.4893600000003,-1276.558844,-1562.017337,-1344.5090529,11400
57,-1043.74092,-1189.463861,-1308.5623460000002,-780.58527,-876.2535619999999,-1763.4291239999998,-1444.388567,-1769.0824670000002,-857.401097,-1345.6060029999999,-1237.8513217,11600
58,-1376.4877470000001,-1643.8792640000001,-1201.290997,-1059.379582,-1860.521837,-1409.511518,-1713.0355550000002,-958.10194,-1243.37396,-1065.39331,-1353.0975709999998,11800
59,-1167.496035,-1327.785646,-868.550891,-1723.9906429999999,-1296.326401,-1723.5976100000003,-1178.084205,-971.266577,-829.230381,-1706.0039789999998,-1279.2332367999998,12000
60,-1111.411581,-1629.445267,-1551.1159710000002,-1497.350029,-1427.866868,-1016.765156,-1373.35824,-876.154888,-1502.173945,-1057.235423,-1304.2877368000002,12200
61,-1606.2805939999998,-1299.163794,-1428.493453,-1769.702891,-959.2675839999999,-1085.475915,-1074.7648689999999,-1333.628402,-1206.2650529999999,-1510.667307,-1327.3709862,12400
62,-1319.165267,-966.11084,-1680.629048,-863.324018,-1084.307932,-760.850779,-1690.971684,-941.8340720000001,-1506.452906,-1215.099541,-1202.8746087,12600
63,-1625.1807119999999,-1779.977665,-1374.592424,-1538.6325630000001,-1061.4779859999999,-1248.2138539999999,-1607.544995,-1270.66911,-878.76318,-1151.639162,-1353.6691651,12800
64,-1310.637583,-1541.326583,-1712.66539,-857.0772460000001,-969.869901,-1672.524502,-1496.0603720000001,-1175.619976,-883.394227,-1801.932175,-1342.1107955000002,13000
65,-1720.66552,-1372.377741,-1195.312487,-971.1179369999999,-1429.958734,-1184.72623,-1382.419502,-781.26147,-1467.512698,-1531.312993,-1303.6665312,13200
66,-1806.6634980000001,-1179.510503,-842.143918,-1693.7571070000001,-878.004449,-1611.157907,-1422.474071,-1292.920826,-1390.309123,-1383.5935240000001,-1350.0534926,13400
67,-998.641866,-1193.3094019999999,-1719.087087,-979.915731,-1177.126693,-1436.8022039999998,-1592.215258,-1558.656717,-1084.802709,-1549.6909269999999,-1329.0248594,13600
68,-1718.56671,-1352.2253970000002,-1196.042885,-1340.243004,-862.1987310000001,-1356.674479,-1630.471433,-1075.459236,-1007.5121130000001,-1299.9299449999999,-1283.9323933,13800
69,-1736.661119,-1847.040438,-1689.4116829999998,-1825.335277,-887.128542,-1309.0299009999999,-1780.1426559999998,-1230.932738,-1752.5377170000002,-1381.264906,-1543.9484977,14000
70,-1682.3096460000002,-1261.348127,-1524.96728,-904.875256,-1169.7833449999998,-1790.045309,-1457.634457,-1692.664316,-953.1130800000001,-1794.066914,-1423.0807730000001,14200
71,-1739.603982,-1641.5957449999999,-798.3061700000001,-1181.459457,-1678.699875,-1229.143537,-1755.2971899999998,-1230.4372,-1468.078847,-1394.238944,-1411.6860947,14400
72,-873.953441,-1075.412895,-1073.375589,-1264.018573,-1099.138238,-1749.84512,-1668.6823259999999,-1809.35422,-1286.546584,-1483.182665,-1338.3509651,14600
73,-957.3022869999999,-1598.958239,-1240.024263,-1252.857878,-1533.305447,-1521.1264529999999,-1817.491047,-1749.425273,-1069.166205,-1407.4815609999998,-1414.7138653,14800
74,-1193.987643,-1371.003594,-1248.735907,-1541.572433,-1220.510182,-1849.498408,-1608.639555,-1337.784924,-998.2612630000001,-1720.636675,-1409.0630584,15000
75,-1382.78305,-1178.4972619999999,-1294.683408,-984.2860630000001,-1227.711683,-1420.833632,-1678.889887,-1357.759924,-986.718688,-1762.1699230000002,-1327.433352,15200
76,-1292.93281,-1514.217309,-1258.08443,-1601.3392199999998,-967.1752539999999,-1574.329675,-1646.918915,-1238.8587029999999,-1760.456227,-1204.586939,-1405.8899482000002,15400
77,-959.154861,-1793.62675,-1742.471627,-1297.641665,-1205.962764,-1290.103859,-1598.43544,-1778.397084,-1026.486196,-1661.852343,-1435.4132588999998,15600
78,-1426.427874,-1712.533741,-1249.684422,-1582.038262,-1014.023293,-1674.617502,-1727.6294309999998,-1342.896436,-922.567234,-1231.437352,-1388.3855546999998,15800
79,-1170.8843160000001,-1640.392738,-1729.486884,-1137.594039,-1203.380589,-1602.223378,-1726.482246,-1421.206974,-770.030984,-1669.433651,-1407.1115799,16000
80,-1696.5681510000002,-1738.7804239999998,-978.9047,-1331.244013,-1204.635563,-1473.8934689999999,-1586.637108,-1211.792106,-1285.8356,-1681.8079690000002,-1419.0099103,16200
81,-736.0902110000001,-1202.670585,-1134.46732,-1334.602842,-901.037158,-1409.274014,-1450.970892,-888.1841720000001,-1364.480281,-1301.37169,-1172.3149165,16400
82,-963.088594,-1242.500027,-1173.002427,-1026.671556,-1166.547799,-1308.673755,-1605.971722,-1507.9137369999999,-1047.307985,-1268.715183,-1231.0392785,16600
83,-1079.077373,-1824.817566,-851.9880890000001,-1125.660925,-770.289088,-1531.036844,-1786.762757,-1072.0974039999999,-972.806091,-1329.387225,-1234.3923362,16800
84,-1152.860674,-1235.8469810000001,-936.90749,-1664.605915,-1597.536576,-1446.52126,-1484.7229300000001,-1084.781665,-1579.778403,-1782.2334489999998,-1396.5795343,17000
85,-1070.792455,-1878.279046,-1537.063517,-1694.5861280000001,-980.22066,-1386.591996,-1639.608295,-1637.439142,-1662.411116,-1443.027613,-1493.0019968000001,17200
86,-1824.0873530000001,-960.9002710000001,-1597.410313,-1069.215915,-891.9042210000001,-1586.579623,-1828.595612,-1867.3912850000002,-870.238873,-1803.853791,-1430.0177257,17400
87,-1822.9220300000002,-996.7876160000001,-1011.8876369999999,-1173.9582300000002,-1268.610567,-1689.92443,-1480.956191,-1243.657915,-1167.8731400000001,-1072.783619,-1292.9361374999999,17600
88,-1073.279712,-1440.05791,-1095.8392310000002,-1225.4286789999999,-1113.708333,-1565.917774,-1585.963,-1221.592048,-856.151789,-1070.083191,-1224.8021666999998,17800
89,-1471.140605,-1235.877878,-1044.653864,-981.43084,-896.9427609999999,-1550.47711,-1698.433903,-965.9077869999999,-897.9402140000001,-1477.654927,-1222.0459888999999,18000
90,-1612.5850050000001,-1139.769232,-1041.302062,-1422.945469,-1333.398576,-1764.117398,-1780.7083100000002,-962.2043160000001,-971.240026,-1453.799878,-1348.2070271999999,18200
91,-835.1198019999999,-1052.2275029999998,-964.12909,-1491.647022,-1335.381347,-1762.621323,-1691.757234,-917.2868890000001,-889.500535,-1243.275131,-1218.2945875999999,18400
92,-1191.417267,-1176.934229,-1538.6798310000001,-1441.368275,-1499.221087,-1633.778636,-1653.78511,-1002.130452,-918.5189019999999,-1312.761108,-1336.8594897,18600
93,-1602.794826,-1723.4208600000002,-1178.075732,-1069.992191,-1201.461066,-1387.635066,-1782.2225489999998,-991.612742,-1191.051317,-1326.039365,-1345.4305714,18800
94,-1569.357516,-1176.152081,-822.37732,-1257.385986,-948.965617,-1774.6385539999999,-1619.05972,-1016.811295,-874.336609,-1825.5946170000002,-1288.4679314999998,19000
95,-1194.498437,-1279.604308,-1070.0379070000001,-1074.135603,-1367.041929,-1407.486802,-1756.6017829999998,-1036.688807,-1707.9597210000002,-1506.877032,-1340.0932329,19200
96,-989.803907,-1325.028305,-896.712054,-1728.032268,-971.3840119999999,-1677.664278,-1796.732023,-998.802398,-867.90993,-1415.842784,-1266.7911958999998,19400
97,-982.257105,-747.4659809999999,-1685.090995,-1175.31834,-1464.343179,-1633.574571,-1734.4543260000003,-877.233567,-902.991842,-1493.458617,-1269.6188522999998,19600
98,-1765.978155,-1449.3512660000001,-871.025274,-1464.428038,-1536.862538,-1447.452879,-1661.06043,-862.734649,-1162.264361,-1336.116598,-1355.7274188,19800
99,-1353.085593,-1529.4877960000001,-1080.786007,-1476.282401,-1467.1904710000001,-1406.432003,-1807.050798,-893.0368779999999,-1019.481585,-1518.0563619999998,-1355.0889893999997,20000
100,-1141.649773,-1783.564582,-1086.0212279999998,-1586.1704650000001,-1143.888492,-1558.690709,-1621.045947,-1004.123417,-971.794144,-1449.2864789999999,-1334.6235236,20200
101,-1234.326139,-1177.8350189999999,-1466.196301,-1382.985146,-1406.363092,-1476.74549,-1645.765991,-1221.110251,-1090.303299,-1826.083214,-1392.7713941999998,20400
102,-1701.5961149999998,-1763.11101,-1316.960659,-1462.769381,-1703.587186,-1573.124316,-1646.8565449999999,-1266.939082,-1774.5297870000002,-1644.787862,-1585.4261943,20600
103,-1368.931425,-1432.3825550000001,-1234.397319,-1754.2802579999998,-1471.439584,-1115.778557,-1801.462827,-1540.0982390000001,-1188.930481,-1703.105184,-1461.0806429,20800
104,-1353.8260460000001,-1796.70218,-1658.5985970000002,-1479.217331,-904.665543,-1519.8953199999999,-1860.192449,-1276.5103279999998,-1381.887667,-1681.1418239999998,-1491.2637285000003,21000
105,-1709.131643,-966.636143,-1229.264656,-1427.923312,-1276.5600029999998,-1837.47945,-1705.008357,-947.4129929999999,-876.596523,-1349.404627,-1332.5417707000001,21200
106,-1298.286282,-1780.4449129999998,-999.970457,-1497.5404939999999,-1632.120894,-1248.764737,-1655.926565,-1043.4236859999999,-883.997957,-1375.310569,-1341.5786554,21400
107,-1171.714427,-1180.589541,-910.20149,-1775.341432,-1188.409155,-1332.198431,-1622.434221,-989.982701,-872.123078,-1665.7632429999999,-1270.8757719,21600
108,-1823.452497,-1433.572868,-868.517551,-1668.033392,-1449.4561449999999,-1666.849498,-1642.088957,-1270.2061640000002,-1358.149075,-1392.786122,-1457.3112269,21800
109,-1319.215627,-1250.388759,-1253.944724,-1588.937838,-1716.959916,-1218.546149,-1801.0383600000002,-1483.55808,-750.029208,-1672.703397,-1405.5322058,22000
110,-1447.52815,-763.406782,-964.9487140000001,-1751.6548920000002,-1143.115305,-1654.428745,-1860.569066,-1053.5196720000001,-1322.321149,-1513.188816,-1347.4681291000002,22200
111,-941.2273710000001,-1201.5107289999999,-983.60319,-1504.957534,-1161.469442,-1567.981855,-1719.4998010000002,-1196.8359039999998,-1299.814203,-1793.713675,-1337.0613704,22400
112,-1244.32079,-1068.951861,-1023.958576,-1463.772338,-1325.949908,-1428.210247,-1752.1211899999998,-1305.478846,-1457.2070429999999,-1685.3326789999999,-1375.5303477999998,22600
113,-1130.7214199999999,-1067.29268,-1077.144343,-1638.13881,-1167.385959,-1440.409176,-1817.704359,-1796.8148800000001,-981.920402,-1427.04195,-1354.4573979000002,22800
114,-1510.686111,-1643.151388,-941.5210800000001,-1463.879033,-1313.467917,-1297.226959,-1741.0316699999998,-1039.398756,-1576.119344,-1572.559151,-1409.9041409000001,23000
115,-1393.17825,-1427.4330029999999,-1153.192432,-1750.9386550000002,-773.630726,-1546.594981,-1139.383294,-1120.103095,-1172.501745,-1764.827096,-1324.1783277,23200
116,-1435.223254,-1830.5785030000002,-1304.2587,-1409.157552,-1183.494991,-1344.37123,-1781.097882,-1159.442883,-1527.702734,-1746.834766,-1472.2162495,23400
117,-1456.640464,-1665.1280060000001,-1105.116624,-1743.2466350000002,-1079.8123859999998,-1595.3570539999998,-1603.817559,-1682.5711379999998,-879.068412,-1879.99804,-1469.0756318,23600
118,-1308.286895,-1415.440031,-1343.3882039999999,-1662.541256,-1139.200331,-1319.990516,-1831.2616100000002,-984.48334,-1750.489014,-1873.5810989999998,-1462.8662296,23800
119,-1672.9486980000001,-1679.367371,-1142.8971279999998,-1639.682466,-750.572715,-1820.207421,-1601.149279,-1784.7714030000002,-1783.9074039999998,-1747.89775,-1562.3401635,24000
120,-1774.650314,-1179.0801179999999,-1175.898336,-1436.541444,-999.417111,-1774.356699,-1745.0966670000003,-1468.595351,-1556.969017,-1814.4584100000002,-1492.5063467,24200
121,-1301.003728,-1397.809861,-1107.806667,-1369.033559,-1396.8657640000001,-1640.676621,-1886.0365160000001,-1603.284506,-1539.484958,-1614.186606,-1485.6188785999998,24400
122,-1294.82579,-1326.770783,-1187.653186,-1783.221165,-1174.290227,-1775.615166,-1859.981866,-1480.871247,-1174.24629,-1699.741267,-1475.7216986999997,24600
123,-1874.955373,-1169.235745,-1117.859657,-1462.149893,-1010.715908,-1726.5398109999999,-1681.2438949999998,-1453.0799470000002,-927.193735,-1474.2632310000001,-1389.7237195000002,24800
124,-1739.610791,-1181.035716,-1035.585855,-1633.6129460000002,-1082.202418,-1565.862911,-1817.21667,-958.009672,-902.7967550000001,-1661.517206,-1357.745094,25000
125,-1094.797574,-1665.16823,-1028.920758,-1687.696521,-1000.876902,-1756.700322,-1613.489983,-882.483274,-898.7636369999999,-1543.2129439999999,-1317.2110145,25200
126,-1460.688283,-1096.429591,-1085.548284,-1608.988346,-1003.430344,-1591.516324,-1678.279275,-1006.034861,-919.0128269999999,-1805.1802329999998,-1325.5108368,25400
127,-1492.509581,-1768.941941,-981.723533,-1597.2842859999998,-1115.09284,-1477.012704,-1702.8422460000002,-1036.73246,-1756.447933,-1701.8590579999998,-1463.0446582,25600
128,-1621.861819,-876.1250369999999,-1112.758671,-1515.582116,-1013.5184380000001,-1449.461832,-1572.4971460000002,-1407.074509,-1077.272582,-1836.4264059999998,-1348.2578556,25800
129,-1369.449272,-1639.7893390000002,-1046.2346109999999,-1734.8920190000001,-1040.101385,-1719.0746739999997,-1419.860128,-1003.604435,-979.4183130000001,-1618.453102,-1357.0877278,26000
130,-1755.5395899999999,-871.423642,-1128.176531,-1568.8296710000002,-1685.4224510000001,-1154.007052,-1763.821873,-991.136995,-1035.825537,-1880.141759,-1383.4325101000002,26200
131,-1684.252171,-1179.053523,-1140.634514,-1833.087822,-901.4517089999999,-1325.81559,-1813.527751,-1006.987973,-1298.842439,-1630.968147,-1381.4621639,26400
132,-1530.8608960000001,-1618.493719,-1172.822388,-1744.060779,-1247.487284,-1132.790495,-1872.441675,-984.5064449999999,-1558.2744369999998,-1684.9252420000003,-1454.6663359999998,26600
133,-1621.493664,-1889.305503,-1318.8064650000001,-1695.3048850000002,-893.402816,-1571.66625,-1825.851379,-1539.251898,-1007.692643,-1846.385124,-1520.9160627,26800
134,-1722.390175,-1257.978607,-1127.556472,-1406.984102,-1545.368725,-1428.727426,-1878.30986,-971.709191,-1613.699218,-1832.093362,-1478.4817137999999,27000
135,-1583.5452599999999,-1386.278569,-1446.416426,-1515.223894,-1070.388105,-1139.960401,-1891.9159769999999,-988.423737,-1225.759184,-1664.351504,-1391.2263057,27200
136,-1747.679787,-1185.3122970000002,-906.798284,-1586.713007,-981.947666,-1848.68126,-1699.3505530000002,-1187.8017029999999,-960.0425759999999,-1526.5412210000002,-1363.0868354,27400
137,-1601.941586,-1508.3055769999999,-1028.944066,-1500.998026,-1794.756693,-1251.4846699999998,-1777.5377050000002,-1005.7237,-880.440064,-1656.9807859999999,-1400.7112873,27600
138,-1654.7604039999999,-1365.3384,-985.000019,-1684.528414,-1239.0601689999999,-1207.66375,-1744.5461239999997,-1302.985289,-1687.2145059999998,-1756.8896920000002,-1462.7986767000002,27800
139,-1439.111985,-1193.318276,-1062.391355,-1626.999465,-983.54151,-1339.935732,-1775.79575,-1384.86769,-1380.223129,-1594.640775,-1378.0825667,28000
140,-1626.9041949999998,-1461.0861539999999,-1166.653795,-1604.310788,-1168.509913,-1602.702795,-1874.1931260000001,-1353.491092,-1064.628029,-1509.928029,-1443.2407916,28200
141,-1627.282832,-1852.744703,-1446.864424,-1636.093791,-1180.822791,-1759.1572390000001,-1877.013698,-883.0668009999999,-1167.323806,-1777.9588449999999,-1520.8328930000002,28400
142,-1849.2580070000001,-1589.4983730000001,-1015.1803130000001,-1786.039554,-1614.661857,-1671.40148,-1688.6492920000003,-833.653431,-1278.170561,-1840.0807579999998,-1516.6593626000001,28600
143,-1581.872803,-1765.9201850000002,-1268.077107,-1831.656837,-1760.663589,-1064.8039410000001,-1759.137295,-1067.67315,-1843.1029429999999,-1682.1057489999998,-1562.5013599000001,28800
144,-1596.925475,-1711.956279,-906.411334,-1788.619577,-916.6450769999999,-1766.8713920000002,-1693.8739260000002,-1584.562845,-875.909543,-1731.2041350000002,-1457.2979583000001,29000
145,-1509.217461,-1637.4513439999998,-1067.848473,-1654.9882400000001,-1639.189533,-1324.3742300000001,-1840.7328719999998,-1157.738787,-1042.798386,-1836.7767989999998,-1471.1116125,29200
146,-1813.3169649999998,-1450.3363669999999,-1078.168809,-1850.6583,-888.58783,-1622.728191,-1720.061027,-1256.661861,-1468.2715970000002,-1715.769386,-1486.4560333000002,29400
147,-1497.8164160000001,-1654.232508,-1229.095435,-1579.656659,-1178.4460980000001,-1747.8413309999999,-1812.7743269999999,-1548.737026,-1160.7308039999998,-1842.813366,-1525.214397,29600
148,-1826.3829210000001,-1489.031131,-1147.172814,-1740.473659,-1791.073606,-1481.8037259999999,-1797.75765,-1120.259237,-1759.9908079999998,-1775.476465,-1592.9422017,29800
149,-1540.656053,-1709.110789,-1077.409079,-1803.422402,-1294.984933,-1503.401307,-1702.6116190000002,-1761.857059,-1259.220283,-1739.5659079999998,-1539.2239432000001,30000
150,-1847.046388,-1545.209386,-874.51214,-1587.761186,-1418.1621460000001,-1169.96045,-1872.036545,-1217.6261769999999,-1279.801937,-1754.011639,-1456.6127994,30200
151,-1606.37899,-1579.310149,-896.7446550000001,-1678.8917649999999,-1058.7861460000001,-1685.444975,-1703.627513,-1397.568019,-1486.064353,-1730.011461,-1482.2828026,30400
152,-1518.109454,-1440.517186,-1020.3697609999999,-1595.2053050000002,-1674.619919,-1089.938321,-1759.7121730000001,-1331.0054949999999,-1289.607409,-1697.263789,-1441.6348812,30600
153,-1572.560916,-1494.871201,-785.321122,-1730.383879,-1260.888631,-1644.524443,-1827.3632300000002,-1419.263555,-1415.51335,-1735.9713329999997,-1488.6661659999997,30800
154,-1394.084031,-1555.684209,-1367.1420859999998,-1672.38266,-1299.937783,-1633.478493,-1636.467136,-1605.817874,-1302.464709,-1642.224746,-1510.9683727,31000
155,-1846.3229440000002,-1623.473346,-1020.399727,-1735.6882,-1317.965679,-1287.829674,-1773.5396649999998,-1408.216086,-879.826018,-1704.088702,-1459.7350041000002,31200
156,-1710.892082,-1581.0288779999998,-1077.568068,-1611.604452,-1734.518586,-1264.331371,-1721.600229,-1805.826857,-1160.876925,-1777.550948,-1544.5798396,31400
157,-1706.6375859999998,-1734.4555289999998,-988.3742070000001,-1850.144219,-1062.334524,-1282.376469,-1859.613698,-1415.644943,-1200.438903,-1675.610982,-1477.563106,31600
158,-1568.274969,-1839.097039,-1732.423474,-1648.1615259999999,-1196.847619,-1758.36578,-1669.977897,-1689.657378,-1157.26777,-1822.4379059999999,-1608.2511358000002,31800
159,-1660.954181,-1741.697195,-1192.017657,-1873.607623,-1205.217711,-1834.9236469999998,-1850.278702,-1436.2189859999999,-1093.6171980000001,-1743.902444,-1563.2435344,32000
160,-1695.891009,-1722.6476969999999,-1540.17507,-1748.695309,-1829.637411,-1794.935129,-1728.524765,-1262.21307,-1425.5016210000001,-1769.626273,-1651.7847353999998,32200
161,-1791.8282120000001,-1505.0913,-1193.889141,-1849.3985079999998,-1816.8842579999998,-1369.590804,-1724.5615879999998,-1626.2016119999998,-1595.574009,-1784.085993,-1625.7105425000002,32400
162,-1645.796072,-1675.232884,-1405.411442,-1794.0537120000001,-1751.451707,-1437.354839,-1816.800757,-1391.996814,-830.7104059999999,-1836.380125,-1558.5188758,32600
163,-1829.7697489999998,-1741.096694,-1328.337172,-1863.3056510000001,-1180.450057,-1463.419597,-1708.395832,-1391.926237,-1618.279759,-1671.036542,-1579.6017290000002,32800
164,-1715.7152629999998,-1570.145959,-1847.394856,-1713.1438850000002,-1160.661836,-1343.187909,-1693.1008100000001,-1691.7926920000002,-1206.556112,-1810.3733399999999,-1575.2072662,33000
165,-1770.648519,-1600.206308,-1031.940264,-1650.191652,-1462.088378,-1681.242694,-1824.2559,-1540.869582,-1760.840475,-1679.879936,-1600.2163707999998,33200
166,-1633.833259,-1698.654614,-1023.700548,-1774.1524539999998,-1795.394905,-1691.749628,-1792.258897,-1817.692307,-1055.593206,-1668.7654730000002,-1595.1795290999999,33400
167,-1544.199646,-1770.1672219999998,-1189.471722,-1848.999413,-1655.788611,-1424.2966609999999,-1863.1418760000001,-1521.7660779999999,-1154.88865,-1724.952078,-1569.7671957000002,33600
168,-1653.414921,-1626.296512,-1289.425115,-1604.534028,-1066.4419380000002,-1220.000884,-1663.298723,-1801.116752,-1487.90065,-1790.7834329999998,-1520.3212956000002,33800
169,-1725.4658559999998,-1677.7497329999999,-1044.741207,-1558.4253119999998,-959.546815,-1210.39175,-1848.2820350000002,-1580.435735,-1454.359046,-1696.126977,-1475.5524465999997,34000
170,-1612.640929,-1613.686306,-882.3186099999999,-1555.200356,-1084.031519,-1650.935695,-1779.779854,-1552.641286,-1215.994471,-1774.499991,-1472.1729017000002,34200
171,-1803.551555,-1878.1798760000001,-885.269391,-1794.2149129999998,-1582.944933,-1371.369424,-1733.215241,-1656.705453,-1232.592715,-1856.715698,-1579.4759199,34400
172,-1581.934035,-1620.563549,-1009.7020550000001,-1764.579228,-1506.852635,-1364.4779039999999,-1822.476925,-1474.971632,-1672.477393,-1882.793675,-1570.0829030999998,34600
173,-1706.185402,-1574.263672,-1185.076718,-1673.4562859999999,-1374.1953130000002,-1548.12411,-1728.7976199999998,-1770.6857519999999,-1786.211159,-1663.371922,-1601.0367953999998,34800
174,-1694.7147309999998,-1584.31222,-1101.879461,-1861.125883,-1775.059515,-1426.357793,-1871.126477,-1656.069715,-1771.078937,-1840.307446,-1658.2032177999997,35000
175,-1514.161472,-1525.485682,-1584.156808,-1826.5981760000002,-1706.032116,-1849.504864,-1817.6385260000002,-1858.36944,-1385.888068,-1706.0008129999999,-1677.3835965000003,35200
176,-1847.2642859999999,-1747.785444,-1615.202551,-1742.251987,-1691.5916,-1443.402475,-1855.4981879999998,-1664.65265,-1269.664403,-1690.515221,-1656.7828805000001,35400
177,-1728.4142420000003,-1866.910668,-821.263724,-1582.4558869999998,-1848.2347519999998,-1368.1698470000001,-1804.2668170000002,-1699.8033739999998,-1416.053183,-1591.710766,-1572.728326,35600
178,-1595.9614960000001,-1804.363403,-897.7952560000001,-1814.6189170000002,-1669.9518480000002,-1296.129732,-1846.416049,-1626.328173,-1233.6843939999999,-1882.1077420000001,-1566.735701,35800
179,-1492.991233,-1882.4460010000003,-1513.962948,-1733.912145,-1672.37469,-1544.7360119999998,-1729.781251,-1353.586626,-1607.567393,-1869.75785,-1640.1116149000002,36000
180,-1641.585906,-1754.4169780000002,-1480.3839070000001,-1716.537696,-1719.299623,-1575.319633,-1814.9509739999999,-1465.39305,-1261.160758,-1863.2373059999998,-1629.2285831000002,36200
181,-1768.164454,-1651.6397630000001,-1312.201454,-1815.048509,-1576.0671810000001,-1409.212641,-1688.6931530000002,-1500.9357730000002,-1783.525482,-1779.845462,-1628.5333872,36400
182,-1687.7384600000003,-1753.693963,-1572.1238150000001,-1742.71983,-1664.484205,-860.5575439999999,-1728.075995,-1830.2508280000002,-1414.248944,-1773.3102190000002,-1602.7203802999998,36600
183,-1661.678645,-1791.780395,-1348.76934,-1676.5454619999998,-1298.176146,-1373.4618679999999,-1668.286779,-1817.7560879999999,-1245.603456,-1729.6877190000002,-1561.1745898,36800
184,-1664.500517,-1353.8326029999998,-1542.042723,-1613.7932230000001,-1601.4672679999999,-1086.997468,-1836.1850760000002,-1679.375134,-1152.042147,-1878.0475379999998,-1540.8283697,37000
185,-1784.0114629999998,-1824.905924,-1206.044941,-1727.879947,-1204.74523,-1709.324716,-1772.946535,-1563.930835,-1658.278573,-1546.8415439999999,-1599.8909707999996,37200
186,-1618.375518,-1520.719043,-1694.2421760000002,-1756.3286,-1670.680625,-1638.73466,-1774.483882,-1470.355844,-1245.570685,-1756.508118,-1614.5999151,37400
187,-1812.989731,-1486.475093,-1194.005322,-1759.4453760000001,-1643.9089720000002,-1464.6516800000002,-1631.579542,-1645.4534529999999,-1121.36026,-1696.79428,-1545.6663709,37600
188,-1698.8652350000002,-1802.6313440000001,-1579.7929550000001,-1831.329829,-1457.691777,-1199.455053,-1754.857791,-1522.595618,-892.7370460000001,-1705.953006,-1544.5909654000002,37800
189,-1688.543168,-1696.416848,-1073.826783,-1686.492598,-1390.534442,-1606.825323,-1687.57505,-1480.2393710000001,-1006.828686,-1767.1866489999998,-1508.4468917999998,38000
190,-1613.77996,-1850.906952,-1291.325931,-1624.350502,-1511.993151,-1250.530059,-1626.305991,-1640.293238,-991.409065,-1755.814171,-1515.670902,38200
191,-1707.5063440000001,-1865.7827969999998,-1069.4890599999999,-1757.855082,-982.666183,-1103.989554,-1772.4818100000002,-1625.444495,-1000.0467289999999,-1864.1559780000002,-1474.9418032,38400
192,-1624.9323140000001,-1790.8452260000001,-1433.5138550000001,-1573.146534,-1562.736404,-1599.766778,-1813.7677410000001,-1742.064838,-1583.771376,-1755.290311,-1647.9835377,38600
193,-1611.0832699999999,-1803.5542260000002,-1072.909408,-1771.4980059999998,-1625.159357,-1508.622236,-1844.448787,-1870.3169829999997,-1070.7467279999998,-1830.4715210000002,-1600.8810521999999,38800
194,-1334.875639,-1719.2070079999999,-1525.245093,-1805.0164109999998,-1575.164601,-1564.284683,-1843.36717,-1719.304398,-1200.284668,-1827.406575,-1611.4156245999998,39000
195,-1339.177804,-1450.075976,-1193.2054369999998,-1185.6182820000001,-1223.624977,-1704.48027,-1708.32782,-1797.4412300000001,-807.198757,-1693.894423,-1410.3044976,39200
196,-1473.348164,-1767.483247,-923.519062,-1594.6173099999999,-1615.314065,-1381.609705,-1863.5649,-1426.261902,-1038.86805,-1602.763651,-1468.7350056,39400
197,-1196.717518,-1801.046377,-1055.3449699999999,-1760.936494,-1242.5354550000002,-1677.863102,-1500.226494,-1604.44947,-894.215416,-1760.2414579999997,-1449.3576754,39600
198,-882.648693,-1549.502602,-953.5656029999999,-1700.022763,-1466.551443,-1129.476964,-1635.562863,-1824.397102,-1042.358195,-1663.763797,-1384.7850025,39800
199,-1187.0122279999998,-1762.7301670000002,-1161.377083,-1685.576863,-1002.614675,-1097.113153,-1869.299266,-1506.626468,-1185.181079,-1636.095218,-1409.36262,40000
200,-1084.912985,-1615.759167,-1149.7403980000001,-1595.604995,-1062.1854,-1686.576339,-1698.353798,-1552.444011,-985.984837,-1797.4907660000001,-1422.9052696,40200
201,-1377.473684,-1698.660284,-1390.821271,-1636.81322,-971.714139,-1072.174357,-1716.862704,-1592.841077,-1116.577433,-1864.9707230000001,-1443.8908892,40400
202,-1416.327147,-1811.5088690000002,-1019.8554859999999,-1648.954034,-907.636068,-1083.738987,-1724.093774,-1763.6813579999998,-1627.165451,-1709.091708,-1471.2052882,40600
203,-986.3005619999999,-1424.347702,-1024.749747,-1588.842506,-902.604653,-1003.110743,-1867.5527690000001,-1855.2075,-1023.3053199999999,-1851.381672,-1352.7403174,40800
204,-1449.160584,-1810.247036,-1361.02706,-1715.5166170000002,-768.006078,-1481.249785,-1874.185932,-1375.350011,-1253.934088,-1860.064866,-1494.8742057000004,41000
205,-1504.4102710000002,-1868.153413,-1014.9974300000001,-1588.498407,-1418.5809789999998,-1339.140669,-1521.291676,-1823.8468679999999,-1205.324996,-1889.961308,-1517.4206017000001,41200
206,-990.558124,-1726.1312,-1191.700522,-1759.52528,-1332.525386,-910.8875529999999,-1867.146395,-1791.2366170000003,-1300.0086039999999,-1873.803317,-1474.3522998,41400
207,-1291.575618,-1824.1428210000001,-1451.07909,-1690.414147,-1308.989992,-970.02674,-1798.1382609999998,-1527.2123589999999,-1111.675271,-1686.3725550000001,-1465.9626854,41600
208,-1655.27291,-1595.933012,-1177.386399,-1715.9780739999999,-993.5352939999999,-1099.238883,-1693.561032,-1546.361735,-1162.9143589999999,-1837.957276,-1447.8138974,41800
209,-997.069586,-1827.105349,-1144.805642,-1651.811715,-947.429289,-842.9398460000001,-1717.0913039999998,-1598.2018130000001,-1329.8901,-1673.061953,-1372.9406597000002,42000
210,-1209.8560439999999,-1750.7270870000002,-1027.792455,-1575.765088,-1558.551852,-1547.9107900000001,-1769.720547,-1720.721389,-1163.114567,-1855.4827129999999,-1517.9642532000003,42200
211,-1319.6431890000001,-1583.013583,-1158.397237,-1743.601975,-1611.7325779999999,-1055.789075,-1745.204643,-1785.978355,-1318.671163,-1718.44353,-1504.0475328,42400
212,-969.2140039999999,-1847.0993760000001,-1149.032093,-1764.259718,-893.5404580000001,-1051.153895,-1813.756259,-1846.068512,-1021.4117630000001,-1653.597116,-1400.9133194,42600
213,-1121.608217,-1760.9147699999999,-1255.381079,-1559.51016,-1305.484255,-1289.447381,-1824.620643,-1835.503273,-1081.788717,-1728.934029,-1476.3192524,42800
214,-1662.598825,-1815.757422,-1157.515543,-1754.667133,-1190.387891,-1327.271602,-1850.7737949999998,-1704.2026469999998,-1030.6506259999999,-1735.101473,-1522.8926956999999,43000
215,-1309.0389949999999,-1707.6832829999998,-1254.809883,-1686.249973,-973.101201,-1613.9957630000001,-1771.157182,-1609.294681,-904.455899,-1827.7199719999999,-1465.7506832,43200
216,-1755.566148,-1647.774561,-1188.893659,-1739.9999719999998,-1380.420481,-1130.7341800000002,-1676.399967,-1817.2845379999999,-1187.519333,-1850.0168809999998,-1537.4609719999999,43400
217,-1523.345179,-1773.622138,-1309.486543,-1685.81023,-871.2701189999999,-1162.421618,-1853.916522,-1665.528257,-1459.684019,-1661.938007,-1496.7022632,43600
218,-1642.630907,-1671.672419,-1292.278209,-1636.69276,-717.109467,-1736.314439,-1725.828202,-1852.4212300000002,-1102.041066,-1741.919785,-1511.8908484,43800
219,-1110.84415,-1523.710397,-1198.260503,-1697.199609,-890.0274109999999,-1080.135454,-1795.322422,-1824.493846,-1059.931093,-1835.9683530000002,-1401.5893237999999,44000
220,-1339.237325,-1852.577107,-1291.0334189999999,-1577.531236,-862.9003949999999,-1181.509558,-1851.4164440000002,-1646.499851,-1264.612673,-1641.0849349999999,-1450.8402943,44200
221,-1577.1158580000001,-1593.654075,-1339.846308,-1577.277973,-1185.843349,-1647.863918,-1664.369379,-1856.950305,-1175.488082,-1832.5254719999998,-1545.0934719,44400
222,-1530.6721300000002,-1643.605991,-1328.029939,-1614.831493,-970.986008,-1723.4408489999998,-1754.9339989999999,-1842.787514,-1162.7608189999999,-1742.588439,-1531.4637180999998,44600
223,-1113.87016,-1855.38087,-1346.457916,-1651.112993,-1546.901227,-1377.1194480000001,-1831.1083600000002,-1722.2785,-1144.796516,-1690.862632,-1527.9888622,44800
224,-1361.7147109999999,-1642.976918,-1323.797431,-1691.682268,-867.9344179999999,-1692.6477300000001,-1777.832275,-1693.535855,-1163.0255650000001,-1814.1729100000002,-1502.9320081,45000
225,-1064.329927,-1663.527438,-1324.2358609999999,-1588.875078,-895.798256,-1311.824497,-1796.6096289999998,-1846.658538,-1293.167375,-1707.29457,-1449.2321169000002,45200
226,-1643.222409,-1712.8552320000001,-1335.440748,-1598.036349,-1035.112976,-1226.264749,-1847.400445,-1870.0135539999999,-1170.117672,-1752.3445780000002,-1519.0808711999998,45400
227,-1061.772083,-1819.940757,-1356.475149,-1693.301338,-1100.38573,-1676.436526,-1815.678397,-1646.977808,-1048.361683,-1786.3422460000002,-1500.5671717,45600
228,-1519.4860039999999,-1641.0156980000002,-1328.817965,-1619.030059,-1579.756506,-1311.1222189999999,-1614.102216,-1502.445842,-1124.743869,-1716.752932,-1495.7273309999998,45800
229,-1727.734887,-1743.049159,-1333.129706,-1692.132018,-1127.405403,-891.388294,-1549.396759,-1732.93208,-1026.748773,-1704.596591,-1452.8513669999998,46000
230,-1199.3167529999998,-1856.9621120000002,-1368.333397,-1645.5016460000002,-904.8759210000001,-960.323842,-1795.8819640000002,-1695.751213,-949.702338,-1737.2946370000002,-1411.3943823,46200
231,-1374.835308,-1567.979717,-1300.569016,-1613.132958,-1013.2247960000001,-1390.5742810000002,-1744.3822300000002,-1792.7014629999999,-1232.933468,-1676.516157,-1470.6849393999996,46400
232,-1408.530485,-1815.5615300000002,-1343.2450390000001,-1584.769579,-1240.954952,-1134.0024310000001,-1753.1738260000002,-1886.994957,-1111.199586,-1640.956897,-1491.9389282000002,46600
233,-1386.729662,-1830.377507,-1307.652031,-1683.237752,-1158.956545,-1202.2420960000002,-1861.1104280000002,-1616.578097,-1043.752684,-1859.285927,-1494.9922729000002,46800
234,-1451.567859,-1799.928506,-1292.954119,-1701.0371699999998,-1181.8377449999998,-1028.800942,-1645.622996,-1795.160851,-1528.898946,-1720.962884,-1514.6772018,47000
235,-1859.0107489999998,-1684.6005120000002,-1340.011237,-1575.6205380000001,-1061.559146,-929.80159,-1729.2755170000003,-1863.832893,-898.511757,-1834.991821,-1477.721576,47200
236,-1796.7472460000001,-1844.4388199999999,-1239.242458,-1538.237877,-1197.556073,-1137.46724,-1825.3400329999997,-1699.061354,-1219.802602,-1705.837001,-1520.3730704,47400
237,-1227.57134,-1837.4183030000002,-1046.642167,-1317.767749,-1251.4220970000001,-1155.866473,-1733.6541739999998,-1581.474462,-1376.5663849999999,-1699.4095579999998,-1422.7792708,47600
238,-1790.3959929999999,-1792.3871170000002,-1152.950981,-1695.7765359999999,-1261.975661,-1113.697243,-1574.13304,-1841.3707379999998,-761.281741,-1792.448951,-1477.6418001000002,47800
239,-1129.007255,-1718.480491,-1126.839137,-1658.412413,-1109.8354199999999,-908.943266,-1795.1971239999998,-1735.362972,-995.4695439999999,-1777.5195600000002,-1395.5067181999998,48000
240,-1742.9826239999998,-1680.0756649999998,-1373.655683,-1628.437041,-1322.2243119999998,-1104.223298,-1745.423559,-1875.703632,-1032.756457,-1717.3368489999998,-1522.281912,48200
241,-1781.7907920000002,-1818.9312329999998,-1265.5767369999999,-1693.5291079999997,-1227.4820300000001,-1093.934059,-1783.007177,-1519.287289,-1021.248051,-1661.625669,-1486.6412145,48400
242,-1577.666612,-1792.7488879999999,-1251.808955,-1664.718233,-1271.1359439999999,-1234.252845,-1574.686766,-1674.4255380000002,-1040.89832,-1823.573848,-1490.5915949,48600
243,-1265.449017,-1867.2062050000002,-1194.395599,-1679.5024449999999,-1358.6081900000001,-1234.352525,-1704.027303,-1674.942065,-1016.326245,-1779.190634,-1477.4000228,48800
244,-1161.57127,-1760.0445969999998,-1190.032525,-1554.916893,-1341.3002390000001,-932.830534,-1616.978631,-1758.794929,-1181.949924,-1822.2351350000001,-1432.0654677,49000
245,-1755.0075789999999,-1713.806368,-1266.405038,-1685.8787329999998,-1343.700433,-1054.25432,-1705.893841,-1798.6846620000001,-1274.8503460000002,-1740.9903190000002,-1533.9471638999999,49200
246,-1851.99365,-1691.472807,-1156.160784,-1635.93585,-1360.593159,-1126.020047,-1638.940681,-1695.1307399999998,-1754.1149010000001,-1744.898391,-1565.5261010000002,49400
247,-1534.403302,-1803.770942,-1109.951088,-1659.470638,-1347.5696380000002,-1187.5575,-1592.943408,-1872.831169,-1195.89852,-1685.0118579999998,-1498.9408062999998,49600
248,-1626.408807,-1759.2784600000002,-1344.074302,-1622.4525210000002,-1468.127933,-1139.442877,-1717.836246,-1791.5897149999998,-1181.105362,-1781.8704879999998,-1543.2186711000002,49800
249,-1450.277464,-1605.716179,-1400.072528,-1405.6409310000001,-1374.841856,-1046.438741,-1598.877426,-1631.4381939999998,-1438.549696,-1808.7088829999998,-1476.0561898,50000
250,-1813.5179309999999,-1706.355063,-1198.4173289999999,-1641.1882640000001,-1501.4402029999999,-1034.3848289999999,-1558.24765,-1868.874161,-1206.645626,-1599.213562,-1512.8284617999998,50200
251,-842.66695,-1893.2450629999998,-1180.608823,-1598.323032,-1489.153977,-1184.371184,-1697.3621239999998,-1812.568068,-1176.503968,-1667.347221,-1454.215041,50400
252,-1564.2768640000002,-1840.161123,-1336.660605,-1662.8876380000002,-1353.244797,-1197.7961619999999,-1621.296446,-1791.3769550000002,-1307.125258,-1746.039711,-1542.0865559,50600
253,-1397.2294980000001,-1747.2740030000002,-1406.4487689999999,-1643.450059,-1413.593457,-1277.762982,-1646.284782,-1846.9731769999999,-1318.995648,-1758.199978,-1545.6212353,50800
254,-1820.722575,-1845.6570170000002,-1352.439541,-1566.754057,-1383.297758,-1246.707908,-1637.608794,-1804.574466,-1233.77812,-1717.4440140000002,-1560.898425,51000
255,-1593.337307,-1740.7126859999998,-1330.482184,-1381.706162,-1456.1413400000001,-1286.29321,-1593.5854539999998,-1759.8156350000002,-1367.619258,-1720.609336,-1523.0302572,51200
256,-1784.4800260000002,-1886.7045859999998,-1335.7210890000001,-1640.285301,-1487.031225,-1214.6322599999999,-1601.558492,-1633.5570480000001,-1328.53515,-1739.0579309999998,-1565.1563107999998,51400
257,-1486.7838960000001,-1750.478319,-1368.017517,-1578.581549,-1396.684488,-1162.5166769999998,-1509.0824890000001,-1730.4364039999998,-1332.984553,-1815.249909,-1513.0815801,51600
258,-1818.9700460000001,-1842.3694850000002,-1494.991048,-1612.984472,-1420.697831,-1377.649749,-1555.233904,-1905.4689039999998,-1306.2463619999999,-1777.741453,-1611.2353254000002,51800
259,-1534.894977,-1741.0764739999997,-1440.991007,-1587.0440820000001,-1501.061229,-1367.425004,-1650.606139,-1636.2751449999998,-1235.7892669999999,-1805.8484829999998,-1550.1011807,52000
260,-1744.3911269999999,-1708.0394579999997,-1469.088215,-1528.625813,-1481.519,-1329.563303,-1469.403452,-1794.4645699999999,-1163.386336,-1692.7825010000001,-1538.1263775,52200
261,-1588.510101,-1831.7303579999998,-1463.980484,-1590.625754,-1451.7379939999998,-1317.079182,-1539.1636,-1801.0465579999998,-1285.191575,-1818.0060629999998,-1568.7071669000002,52400
262,-1720.0387440000002,-1626.414352,-1498.085074,-1640.725585,-1512.3016289999998,-1310.567417,-1547.658827,-1733.5825350000002,-1348.382961,-1802.8235530000002,-1574.0580676999998,52600
263,-1587.204056,-1778.1019079999999,-1434.535378,-1554.878159,-1400.0039259999999,-1315.1309210000002,-1512.748655,-1860.495258,-1269.373357,-1568.052094,-1528.0523712,52800
264,-1524.662992,-1865.455029,-1499.770219,-1496.234614,-1492.4568960000001,-1371.265808,-1496.6420130000001,-1753.4507260000003,-1284.164701,-1686.0170719999999,-1547.0120070000003,53000
265,-1567.539544,-1638.103299,-1501.172143,-1625.763596,-1492.792897,-1344.330295,-1552.535759,-1805.456159,-1343.287207,-1814.58334,-1568.5564239,53200
266,-1443.712301,-1717.802502,-1434.796269,-1465.144376,-1552.502217,-1345.806843,-1569.26068,-1717.752902,-1327.113329,-1617.580742,-1519.1472161,53400
267,-1575.7333859999999,-1718.84945,-1416.373313,-1509.0544730000001,-1502.023024,-1476.57193,-1526.674489,-1606.721978,-1280.858319,-1775.9489839999999,-1538.8809346,53600
268,-1563.804811,-1712.1776710000001,-1510.4051220000001,-1600.275267,-1469.325483,-1531.709697,-1366.498415,-1824.9405370000002,-1344.308311,-1599.326196,-1552.2771510000002,53800
269,-1525.458513,-1728.69433,-1460.241793,-1547.6082099999999,-1588.385991,-1500.097816,-1591.952326,-1838.819045,-1332.72259,-1635.892399,-1574.9873013000001,54000
270,-1611.380132,-1744.321291,-1334.9695199999999,-1504.030703,-1513.769032,-1516.5512019999999,-1516.139107,-1853.2968859999999,-1175.2865960000001,-1783.2252989999997,-1555.2969767999998,54200
271,-1853.027957,-1758.902736,-1370.574001,-1567.08536,-1541.092408,-1475.697652,-1615.885225,-1785.0832710000002,-1272.6308279999998,-1673.121434,-1591.3100872,54400
272,-1715.232172,-1681.5978890000001,-1412.66243,-1487.140019,-1536.5270150000001,-1399.6464119999998,-1565.371436,-1843.876428,-1196.647457,-1671.7878759999999,-1551.0489133999997,54600
273,-1697.7248960000002,-1701.5508730000001,-1452.262831,-1545.238079,-1533.610651,-1390.663914,-1592.3737,-1762.5401160000001,-1160.5879960000002,-1774.956687,-1561.1509743000001,54800
274,-1627.675677,-1860.32784,-1378.5048980000001,-1508.941822,-1489.674519,-1362.25657,-1558.3445980000001,-1769.6138019999999,-1097.531403,-1674.684814,-1532.7555943,55000
275,-1736.909253,-1781.9583739999998,-1350.931188,-1552.761787,-1379.3383720000002,-1388.995631,-1586.26017,-1825.341652,-1095.308321,-1776.1330510000003,-1547.3937799,55200
276,-1817.9143559999998,-1843.143547,-1320.5102259999999,-1484.33985,-1603.9248710000002,-1368.6282449999999,-1548.359748,-1738.250773,-1027.882327,-1565.375051,-1531.8328993999999,55400
277,-1771.9701079999998,-1825.550925,-1459.602073,-1481.356407,-1540.153534,-1479.396245,-1571.366251,-1722.8324929999999,-892.1900890000001,-1785.369016,-1552.9787141,55600
278,-1686.556366,-1788.728829,-1501.904751,-1345.339893,-1598.651071,-1441.4803630000001,-1574.596654,-1648.881919,-1459.681001,-1781.9216199999998,-1582.7742467000003,55800
279,-1620.224448,-1693.0021329999997,-1455.49605,-1524.6190960000001,-1494.913632,-1399.395368,-1623.11297,-1641.398885,-1565.864777,-1643.25774,-1566.1285099000002,56000
280,-1693.101711,-1676.4490119999998,-1418.055456,-1533.721578,-1511.067771,-1396.167723,-1478.894931,-1819.226934,-1026.230993,-1652.881417,-1520.5797526000001,56200
281,-1769.77399,-1855.213509,-1376.295578,-1539.4553230000001,-1499.308736,-1370.5900179999999,-1620.629804,-1694.218853,-1086.3639369999999,-1651.289383,-1546.3139131,56400
282,-1607.4956339999999,-1852.4764059999998,-1452.952016,-1564.5334269999998,-1554.2558119999999,-1407.9962289999999,-1584.582935,-1826.840705,-1182.460441,-1763.767896,-1579.7361501,56600
283,-1523.649872,-1775.606159,-1348.729418,-1445.902304,-1496.0293609999999,-1341.7450609999999,-1608.298522,-1753.6341539999999,-1147.849938,-1804.2536559999999,-1524.5698444999998,56800
284,-1826.4980649999998,-1836.6804350000002,-1343.954058,-1549.923763,-1406.649085,-1446.568958,-1566.124648,-1829.085943,-1108.190095,-1723.732312,-1563.7407362000001,57000
285,-1814.6781839999999,-1843.465309,-1443.071595,-1592.361417,-1519.193319,-1508.941109,-1581.072871,-1582.575497,-1504.280441,-1785.9485690000001,-1617.5588311,57200
286,-1743.7219469999998,-1761.9347670000002,-1462.599243,-1503.837244,-1506.6309390000001,-1455.975157,-1356.624954,-1828.540162,-1252.033443,-1780.4894980000001,-1565.2387354000002,57400
287,-1783.9237460000002,-1653.6732359999999,-1491.633532,-1452.579152,-1477.967977,-1385.917655,-1621.5784210000002,-1810.160202,-1275.63416,-1730.6392640000001,-1568.3707344999998,57600
288,-1677.549806,-1748.5192530000002,-1351.8872279999998,-1508.0247769999999,-1436.7283320000001,-1530.0009289999998,-1554.094677,-1755.096796,-1318.08781,-1755.99298,-1563.5982588,57800
289,-1720.1321670000002,-1679.01472,-1496.315708,-1565.7449589999999,-1505.63087,-1502.944267,-1540.350772,-1809.205982,-1343.551281,-1717.3488120000002,-1588.0239538,58000
290,-1674.594109,-1735.3355149999998,-1423.842206,-1509.223211,-1489.226611,-1504.382583,-1587.513267,-1745.8242089999999,-1317.914669,-1693.803875,-1568.1660255000002,58200
291,-1760.340195,-1824.5452440000001,-1386.52495,-1555.971259,-1517.257861,-1396.3563279999998,-1595.251764,-1723.379445,-1370.272625,-1555.535984,-1568.5435655,58400
292,-1722.386847,-1757.037493,-1370.77377,-1501.014802,-1475.369393,-1446.734514,-1553.5841130000001,-1738.006252,-1350.002056,-1754.356845,-1566.9266085,58600
293,-1752.5081480000001,-1713.3362949999998,-1440.910665,-1539.286593,-1463.661793,-1499.580585,-1539.436171,-1618.873586,-1312.047202,-1746.9456760000003,-1562.6586714,58800
294,-1682.555152,-1815.6850100000001,-1372.8874369999999,-1514.6854449999998,-1377.4320400000001,-1512.398175,-1544.261376,-1697.1525,-1352.92173,-1777.0973620000002,-1564.7076227000002,59000
295,-1637.3304380000002,-1784.1289120000001,-1455.7398039999998,-1520.831536,-1502.873798,-1523.693739,-1515.7169529999999,-1634.4468789999999,-1368.746967,-1771.6694940000002,-1571.517852,59200
296,-1764.7009699999999,-1792.039902,-1203.576708,-1489.677271,-1511.4617449999998,-1504.000473,-1484.110919,-1782.695801,-1406.197874,-1804.005216,-1574.2466878999999,59400
297,-1803.8240309999999,-1639.777644,-1423.632856,-1465.5366179999999,-1348.622497,-1338.387608,-1539.705557,-1645.47946,-1327.379426,-1772.668146,-1530.5013843000002,59600
298,-1811.203367,-1809.929109,-1385.565797,-1360.946523,-1351.317662,-1397.6981859999999,-1449.9255369999998,-1735.708728,-1373.255878,-1663.286089,-1533.8836875999998,59800
299,-1668.2437619999998,-1721.1178519999999,-1368.523851,-1568.974292,-1377.516119,-1411.160778,-1563.542201,-1789.119578,-1378.865925,-1770.684471,-1561.7748829,60000
300,-1746.3627010000002,-1745.437054,-1314.035515,-1375.04169,-1344.713636,-1429.834855,-1500.064169,-1714.2248129999998,-1368.452478,-1690.014975,-1522.8181885999998,60200
301,-1769.9397079999999,-1747.9157460000001,-1408.218773,-1549.6505960000002,-1392.912065,-1357.851,-1574.367262,-1528.207604,-1467.673898,-1745.703572,-1554.2440224,60400
302,-1561.222382,-1793.820801,-1350.499701,-1495.348553,-1412.506951,-1322.211123,-1352.6720460000001,-1621.755804,-1501.838006,-1735.3819489999998,-1514.7257316,60600
303,-1741.8912280000002,-1676.480233,-1186.091674,-1572.6063960000001,-1280.396027,-1344.191264,-1609.8113759999999,-1644.4948789999999,-1463.539818,-1763.074812,-1528.2577707,60800
304,-1741.341057,-1714.082053,-1255.4860310000001,-1473.223631,-1177.5590960000002,-1327.231465,-1570.5747,-1663.717434,-1345.701008,-1724.070126,-1499.2986601,61000
305,-1805.252766,-1761.71779,-1345.1019390000001,-1584.643151,-921.701181,-1346.421055,-1591.0605380000002,-1655.654884,-1472.094581,-1713.17498,-1519.6822865,61200
306,-1815.397478,-1666.2141900000001,-1354.64024,-1578.709336,-1342.41354,-1372.055372,-1526.285643,-1627.827821,-1498.1375070000001,-1423.515288,-1520.5196415,61400
307,-1785.8049079999998,-1781.493409,-1278.191923,-1585.0009029999999,-1408.205902,-1357.24107,-1665.0028869999999,-1544.302904,-1488.562667,-1717.243439,-1561.1050012,61600
308,-1843.4108199999998,-1744.12433,-1268.976303,-1603.712212,-1342.83662,-1437.367511,-1564.5335109999999,-1468.012666,-1501.832829,-1812.031472,-1558.6838274,61800
309,-1822.508325,-1377.369198,-1225.877251,-1587.8420609999998,-1343.6571470000001,-1365.741464,-1401.262439,-1595.628352,-1366.679622,-1766.285746,-1485.2851605,62000
310,-1481.591247,-1643.1600039999998,-1412.356008,-1456.8680470000002,-1303.455669,-1352.822919,-1607.914002,-1420.860908,-1388.119222,-1589.161094,-1465.6309119999999,62200
311,-1775.0869079999998,-1681.6958140000002,-1202.551976,-1452.285794,-1332.818735,-1342.907769,-1394.4311109999999,-1616.602838,-1418.293475,-1692.723062,-1490.9397482,62400
312,-1785.2287649999998,-1552.491112,-1262.6747890000001,-1542.321076,-1197.001396,-1193.7667470000001,-1582.039161,-1551.8847660000001,-1443.8835800000002,-1792.5218969999999,-1490.3813289000002,62600
313,-1716.619279,-1660.813691,-1175.691117,-1455.664471,-1318.6796259999999,-1146.5772980000002,-1552.667621,-1447.6851390000002,-1405.172598,-1646.1363939999999,-1452.5707234000004,62800
314,-1690.026339,-1762.7004570000001,-1349.683711,-1328.962055,-1299.085752,-1295.3762980000001,-1471.27149,-1602.920392,-1405.818657,-1709.371304,-1491.5216454999997,63000
315,-1642.190426,-1706.991061,-1313.407845,-1467.027174,-1167.513559,-1152.443097,-1542.853266,-1530.8278300000002,-1333.006068,-1770.173211,-1462.6433536999998,63200
316,-1272.118888,-1606.652214,-1344.123594,-1515.472101,-1146.824438,-1319.121443,-1541.029198,-1538.194715,-1414.708791,-1747.599333,-1444.5844715,63400
317,-1605.239016,-1732.5870850000001,-1298.634661,-1516.5310259999999,-1343.448159,-1322.715366,-1568.255964,-1561.994516,-1307.228321,-1631.91226,-1488.8546374000002,63600
318,-1673.1889019999999,-1634.19184,-1295.599401,-1564.646309,-1198.623625,-1368.103318,-1576.930917,-1426.30304,-1343.764866,-1676.181376,-1475.7533594000001,63800
319,-1538.395976,-1668.458474,-1152.3462550000002,-1476.290399,-1325.738931,-1324.791591,-1465.211256,-1514.910112,-1373.9808289999999,-1693.7079410000001,-1453.3831764000001,64000
320,-1723.411959,-1645.4666869999999,-1041.680195,-1549.820422,-1301.3530640000001,-1359.777308,-1570.411272,-1472.144426,-1446.805305,-1780.668251,-1489.1538888999999,64200
321,-1686.5602989999998,-1494.347243,-1307.845727,-1512.601858,-1357.13085,-1334.046951,-1488.9136019999999,-1528.420461,-1354.429489,-1795.7894260000003,-1486.0085906,64400
322,-1604.686192,-1683.780475,-1275.306151,-1504.4138050000001,-1401.830485,-1443.15264,-1537.410453,-1532.208652,-1454.179521,-1549.437729,-1498.6406103,64600
323,-1659.4921359999998,-1530.761294,-1106.216084,-1546.176285,-1498.5883720000002,-1343.577631,-1541.721874,-1540.749283,-1354.6527529999998,-1781.37838,-1490.3314092,64800
324,-1611.80641,-1625.511539,-1549.633449,-1351.1264609999998,-1467.682934,-1343.279427,-1536.8282800000002,-1419.916381,-1329.3230640000002,-1713.3755079999999,-1494.8483453,65000
325,-1688.364813,-1706.722374,-1136.2046970000001,-1423.2730789999998,-1473.926655,-1287.377016,-1394.890214,-1495.421682,-1296.51078,-1662.207772,-1456.4899082000002,65200
326,-1539.633332,-1704.7382280000002,-1287.563206,-1476.9550570000001,-1367.551062,-1235.521569,-1519.776877,-1516.423714,-1315.243643,-1767.682224,-1473.1088912,65400
327,-1676.716202,-1653.345485,-1338.582193,-1603.089143,-1398.283398,-1337.226055,-1491.493539,-1509.92101,-1336.904875,-1826.8100579999998,-1517.2371957999999,65600
328,-1525.151745,-1597.2727029999999,-1319.113595,-1457.941064,-1351.356644,-1164.742028,-1516.1317,-1511.7496449999999,-1587.526336,-1754.262032,-1478.5247492,65800
329,-1680.42957,-1590.270332,-1352.956925,-1447.2933,-1396.021164,-1160.679374,-1487.813978,-1522.505461,-1285.564274,-1746.17564,-1466.9710018,66000
330,-1415.946249,-1567.979392,-1403.563941,-1618.055871,-1305.51256,-960.7033529999999,-1437.578359,-1499.871304,-1300.26956,-1546.101892,-1405.5582481000004,66200
331,-1475.840187,-1539.74767,-1411.016221,-1600.97482,-1337.2285359999998,-1037.035648,-1508.9103289999998,-1463.6761689999998,-1208.556409,-1721.796342,-1430.4782331000001,66400
332,-1606.5502119999999,-1528.8106599999999,-1359.611485,-1496.066066,-1355.0004210000002,-1089.804768,-1465.280294,-1340.761734,-1402.214623,-1730.318881,-1437.4419143999999,66600
333,-1451.2258,-1458.449941,-1442.470683,-1494.270787,-1326.503953,-1150.234314,-1506.2316119999998,-1511.226259,-1351.8477599999999,-1678.004271,-1437.046538,66800
334,-1510.617691,-1560.75309,-1496.5213390000001,-1449.395229,-1152.0393080000001,-1329.193806,-1502.215849,-1497.271226,-1323.890593,-1577.957239,-1439.985537,67000
335,-1442.592308,-1477.018724,-1501.334398,-1627.732953,-1181.852559,-1455.79432,-1512.429151,-1502.8985699999998,-1484.104609,-1675.131566,-1486.0889157999998,67200
336,-1549.729609,-1567.6704550000002,-1465.9498939999999,-1392.3234539999999,-1310.051463,-1342.514819,-1450.441359,-1507.384485,-1473.250921,-1627.913665,-1468.7230124000002,67400
337,-1538.600115,-1549.8607240000001,-1493.655579,-1546.140132,-1292.6890720000001,-1343.793893,-1520.319099,-1408.2878050000002,-1452.42914,-1702.910732,-1484.8686291000001,67600
338,-1304.174315,-1530.0643380000001,-1441.51034,-1619.967694,-1355.990557,-1317.9306589999999,-1448.233882,-1471.841992,-1312.0434070000001,-1707.614605,-1450.9371789000002,67800
339,-1382.030559,-1493.953554,-1369.407467,-1520.525549,-1310.8619609999998,-1352.8392039999999,-1502.2700730000001,-1498.149165,-1335.210505,-1586.8287109999999,-1435.2076748000002,68000
340,-1497.342822,-1405.3610800000001,-1348.430132,-1527.1662210000002,-1329.59055,-1245.773711,-1482.579344,-1503.6652490000001,-1381.4307789999998,-1599.289792,-1432.062968,68200
341,-1457.794353,-1477.5850599999999,-1395.209328,-1473.987243,-1285.7618320000001,-1238.183353,-1489.056849,-1395.250098,-1379.9897429999999,-1509.048726,-1410.1866585,68400
342,-1217.9957140000001,-1400.398062,-1433.2597779999999,-1472.7667490000001,-1430.228902,-1177.189834,-1509.32081,-1397.077112,-1352.142489,-1310.556973,-1370.0936422999998,68600
343,-1125.739393,-1497.531093,-1340.8436800000002,-1629.998678,-1229.936421,-1303.378908,-1439.914217,-1380.149917,-1347.817123,-1480.770739,-1377.6080169000002,68800
344,-1256.107143,-1443.347704,-1326.8789769999998,-1604.238675,-1261.455954,-1361.174194,-1164.9376109999998,-1369.425058,-1281.498194,-1563.997566,-1363.3061076,69000
345,-1425.26515,-1462.840665,-1410.276112,-1676.0411550000001,-1322.21645,-1337.7905349999999,-1393.389531,-1376.975074,-1203.267297,-1581.940651,-1419.000262,69200
346,-1504.7719960000002,-1518.4310189999999,-1389.447396,-1643.004706,-1299.326064,-1240.180413,-1405.287843,-1345.449827,-1294.984574,-1543.491845,-1418.4375683000003,69400
347,-1490.9300269999999,-1293.27766,-1334.029814,-1517.138858,-1344.957343,-1223.8757640000001,-1422.056652,-1494.261124,-1201.407794,-1604.47724,-1392.6412276,69600
348,-1514.7187490000001,-1377.328336,-1303.802987,-1423.2927619999998,-1306.762167,-1298.481297,-1508.942078,-1499.0492279999999,-1328.642944,-1603.4262429999999,-1416.4446790999998,69800
349,-1499.957412,-1513.093572,-1336.895732,-1492.841592,-1348.591135,-1172.043383,-1513.788482,-1416.0313529999999,-1300.879757,-1478.00203,-1407.2124448,70000
350,-1203.346395,-1503.212501,-1206.548556,-1437.810615,-1320.74111,-1648.277224,-1463.134552,-1422.122378,-1240.728341,-1626.736814,-1407.2658486,70200
351,-1180.6312619999999,-1504.394933,-1311.792777,-1389.944336,-1195.325793,-1351.169727,-1482.206208,-1340.882008,-1337.361437,-1459.217177,-1355.2925658,70400
352,-1333.6763,-1419.5361599999999,-1357.20818,-1268.543878,-1345.741724,-1340.568874,-1450.611735,-1356.61285,-1351.940112,-1593.8699550000001,-1381.8309768000001,70600
353,-1187.021992,-1329.288566,-1399.339837,-1229.7308560000001,-1324.97856,-1365.072207,-1420.515216,-1266.761883,-1178.315707,-1480.9463210000001,-1318.1971145,70800
354,-1419.6566289999998,-1491.007666,-1344.881787,-1582.093959,-1304.930068,-1324.903313,-1512.339041,-1397.298948,-1321.920469,-1544.356723,-1424.3388602999999,71000
355,-1094.882401,-1497.961058,-1330.1170880000002,-1405.905302,-1082.533933,-1298.01387,-1483.287474,-1352.566452,-1329.884041,-1572.514299,-1344.7665917999998,71200
356,-1356.653331,-1463.0917279999999,-1219.941218,-1396.961959,-1472.197086,-1207.992531,-1452.7501109999998,-1368.328314,-1176.73157,-1585.911962,-1370.055981,71400
357,-856.063531,-1217.004915,-1208.2080640000001,-1483.8345539999998,-1295.474655,-1235.59455,-1299.252889,-1320.729652,-1183.9254119999998,-1544.206292,-1264.4294514,71600
358,-1495.0230099999999,-1448.922066,-1392.30089,-1260.6635449999999,-1214.2263070000001,-1260.6127529999999,-1473.6548970000001,-1225.487065,-1043.086671,-1401.707317,-1321.5684520999998,71800
359,-1494.0486039999998,-1444.496873,-1248.271454,-1092.8718529999999,-1218.28735,-1263.2434119999998,-1431.8264900000001,-1278.2680269999998,-1069.169592,-1566.34775,-1310.6831404999998,72000
360,-1517.6081179999999,-1465.9114769999999,-1204.045917,-1213.6415789999999,-1175.720298,-1363.5833699999998,-1512.657201,-1212.533639,-1047.6675,-1582.592388,-1329.5961486999997,72200
361,-1371.759568,-1490.818262,-1361.98163,-1511.862724,-1290.690706,-1437.952666,-1464.4060279999999,-966.086877,-1101.755119,-1539.2625859999998,-1353.6576166,72400
362,-988.938726,-1497.8242070000001,-1297.762084,-1211.875457,-1238.4826130000001,-1413.534637,-1372.763567,-1250.808486,-1012.231407,-1577.3901859999999,-1286.161137,72600
363,-856.0176119999999,-1507.264682,-1235.292658,-1313.7983279999999,-1336.561651,-1362.67905,-1473.23925,-1104.341385,-1152.625032,-1577.237502,-1291.9057149999999,72800
364,-872.9035949999999,-1441.338625,-1321.242964,-1366.42059,-1183.314051,-1409.529532,-1430.017321,-1117.624874,-1301.39345,-1547.5188890000002,-1299.1303891000002,73000
365,-1492.53348,-1465.768757,-1286.8123560000001,-1151.683386,-1312.23341,-1446.613806,-1489.318568,-1501.951471,-1246.537074,-1504.358935,-1389.7811243,73200
366,-1372.156849,-1518.665787,-1306.229398,-1352.3414460000001,-1448.405284,-1391.759649,-1508.329639,-1198.867579,-1336.489557,-1429.705347,-1386.2950535,73400
367,-1507.379287,-1469.418129,-1218.087351,-1389.8095779999999,-1230.175052,-1186.6405619999998,-1507.923851,-1237.713219,-1343.611944,-1561.312009,-1365.2070982,73600
368,-962.8101710000001,-1478.9755289999998,-1310.353026,-1541.5038869999998,-1274.8727279999998,-1353.946809,-1507.86727,-1060.066928,-1353.07969,-1505.251468,-1334.8727506,73800
369,-1498.5373849999999,-1502.211998,-1115.183131,-1416.573676,-1270.554521,-1372.9488390000001,-1426.921738,-1063.426788,-1437.655083,-1552.224612,-1365.6237771,74000
370,-883.7363730000001,-1501.56948,-1182.012785,-1451.007723,-1361.4026390000001,-1379.488942,-1442.150886,-1123.1827779999999,-1350.898068,-1546.413999,-1322.1863673000003,74200
371,-952.87861,-1506.166451,-919.805773,-1547.5690240000001,-1300.6713359999999,-1461.941419,-1189.49346,-1206.946574,-1362.285224,-1560.183771,-1300.7941642,74400
372,-969.8755070000001,-1509.0903150000001,-1070.498302,-1083.769245,-1345.44846,-1314.802342,-1491.965595,-1063.0628179999999,-1395.081569,-1550.490227,-1279.408438,74600
373,-1478.91928,-1426.660231,-1094.231752,-1354.833726,-1190.492203,-1314.6728970000001,-1279.737291,-1061.093284,-1294.976601,-1563.465254,-1305.9082519,74800
374,-839.486122,-1470.51933,-944.164393,-1149.5328949999998,-1171.315317,-1340.65564,-1491.486775,-1500.638359,-1342.542005,-1468.443444,-1271.8784280000002,75000
375,-962.969956,-1501.433159,-1147.4907859999998,-1404.318464,-1324.981855,-1283.046353,-1473.6859259999999,-1017.572226,-1476.767924,-1507.3350070000001,-1309.9601656,75200
376,-1404.3803269999999,-1372.035052,-1166.791449,-1001.323357,-1320.2591630000002,-1205.1070220000001,-1400.393142,-1227.975648,-1465.402525,-1549.793467,-1311.3461151999998,75400
377,-1274.796815,-1506.7296800000001,-1027.69517,-1050.0281380000001,-1347.396139,-1266.673161,-1503.372966,-1188.8021800000001,-1439.282348,-1416.170537,-1302.0947134000003,75600
378,-1425.993499,-1521.407216,-1146.800581,-1341.040343,-1195.3208140000002,-1057.009014,-1484.779964,-1495.187027,-1532.130543,-1527.331114,-1372.7000115,75800
379,-1245.594207,-1503.016832,-1165.180968,-1224.6222619999999,-1206.040205,-1169.6921869999999,-1525.346335,-1307.4160960000002,-1425.922378,-1561.174102,-1333.4005571999999,76000
380,-1234.939665,-1495.326571,-1134.7825380000002,-1155.8222759999999,-1262.759668,-1643.344728,-1468.804149,-1354.417022,-1519.447416,-1529.717183,-1379.9361216000002,76200
381,-1514.197485,-1494.192242,-1289.192777,-1354.343546,-1145.85436,-1050.299056,-1519.089193,-1502.175208,-1567.633104,-1520.60539,-1395.7582361000002,76400
382,-1502.0685369999999,-1494.9096849999999,-1245.605583,-1221.017393,-1271.344212,-1475.60392,-1521.5447980000001,-941.417844,-1400.9810400000001,-1509.5759890000002,-1358.4069001000003,76600
383,-1502.1275289999999,-1456.226697,-1323.284627,-1183.761248,-1146.351125,-1167.7662890000001,-1450.7834380000002,-1431.497708,-1484.670147,-1518.783739,-1366.5252547000002,76800
384,-1019.1446689999999,-1467.502264,-1360.382357,-1192.985608,-1022.948952,-1158.227546,-1488.782498,-1496.320848,-1297.971342,-1253.600903,-1275.7866987,77000
385,-1403.789233,-1481.5366980000001,-1205.325792,-1040.74145,-1110.83425,-631.651574,-1526.629443,-934.4237019999999,-1245.31289,-1495.229906,-1207.5474938,77200
386,-1539.834746,-1499.1669259999999,-1165.312314,-1270.0230900000001,-1058.984921,-1448.403109,-1281.498909,-939.0040529999999,-1500.215173,-1513.466408,-1321.5909649,77400
387,-1171.7947800000002,-1231.096424,-1206.3769630000002,-1323.851698,-1551.892685,-1189.110884,-1492.92094,-1383.994457,-1348.087329,-1509.708421,-1340.8834581,77600
388,-1287.5231019999999,-1422.184272,-1243.359566,-1338.0428880000002,-712.420617,-1123.353011,-1523.329668,-1263.679816,-1351.190399,-1269.5178740000001,-1253.4601213,77800
389,-1074.68328,-1484.842707,-1163.038748,-1198.094746,-1178.53665,-1532.4775949999998,-1491.308912,-1187.445919,-1383.196978,-1425.46405,-1311.9089585,78000
390,-1333.9086630000002,-1430.806185,-1192.469297,-1301.413598,-1202.56849,-1165.213584,-1513.7336619999999,-1525.66315,-1268.604073,-1485.414016,-1341.9794718,78200
391,-1298.616051,-1505.8493230000001,-1110.19108,-1460.671357,-1308.288067,-1058.0060640000002,-1467.700223,-1349.66177,-1383.764578,-1437.05563,-1337.9804143000003,78400
392,-1426.569457,-1503.76235,-1272.473278,-1274.5613039999998,-1277.575284,-1221.482677,-1341.220158,-1294.536643,-1370.822633,-1514.305931,-1349.7309715,78600
393,-1510.507,-1383.834795,-1147.918162,-1185.715958,-1338.5843710000001,-1356.430744,-1370.710707,-1409.721668,-1323.703539,-1502.102545,-1352.9229489,78800
394,-1485.364526,-1496.475674,-1147.960828,-1182.7132060000001,-1390.572249,-1363.709871,-1512.505484,-1285.566611,-1385.300084,-1395.032297,-1364.5200829999999,79000
395,-1420.779777,-1427.538099,-1201.624916,-1542.140054,-1353.2422080000001,-1476.008323,-1494.04916,-1476.404923,-1328.930681,-1502.545585,-1422.3263726,79200
396,-1440.5607630000002,-1510.538047,-1093.407054,-1347.754459,-1389.509501,-1362.957917,-1441.775383,-1602.82744,-1372.623595,-1427.11881,-1398.9072969000001,79400
397,-1619.613545,-1512.556124,-1198.420292,-1399.430334,-1469.287577,-1366.162429,-1482.163859,-1482.473352,-1328.085779,-1519.752347,-1437.7945637999999,79600
398,-1617.4001269999999,-1471.161267,-1204.528808,-1482.383934,-1362.23091,-1329.643421,-1443.386806,-1550.472111,-1359.4072800000001,-1515.421152,-1433.6035815999999,79800
399,-1166.66337,-1446.665389,-1329.306965,-1600.36119,-1501.412024,-1311.963722,-1492.253189,-1470.251243,-1246.107278,-1466.028213,-1403.1012583,80000
400,-1501.7904939999999,-1499.22415,-1155.219223,-1510.286304,-1343.1192939999999,-1344.161912,-1343.287279,-1537.124957,-1204.1421269999998,-1449.294003,-1388.7649742999997,80200
401,-1478.2002320000001,-1506.687285,-1250.86788,-1476.7098050000002,-1480.1730220000002,-1367.24495,-1379.01786,-1632.347786,-1215.933415,-1502.122259,-1428.9304494,80400
402,-1491.2195880000002,-1445.278509,-1620.378982,-1357.231007,-1501.899126,-1359.47504,-1518.315706,-1603.565018,-1013.1212820000001,-1471.612983,-1438.2097241,80600
403,-1503.0443779999998,-1511.4859689999998,-1312.172543,-1554.548371,-1482.408528,-1256.985989,-1446.747317,-1575.70398,-986.4354380000001,-1440.069424,-1406.9601937,80800
404,-1597.844725,-1488.136986,-1351.408723,-1482.580595,-1341.009166,-1357.442157,-1511.622943,-1621.593723,-1190.859416,-1510.586013,-1445.3084446999999,81000
405,-1493.133136,-1439.2338619999998,-1356.963319,-1443.2306449999999,-1154.489084,-1230.4716970000002,-1548.030651,-1623.732143,-1159.3221429999999,-1529.2526480000001,-1397.7859327999997,81200
406,-1492.130275,-1428.624366,-1348.3423050000001,-1320.56885,-1291.5372830000001,-1300.9675960000002,-1479.871662,-1516.249983,-1507.654894,-1456.750354,-1414.2697567999999,81400
407,-1480.8148640000002,-1503.503805,-1341.6235900000001,-1543.101513,-1376.068409,-1276.050884,-1545.5451150000001,-1502.086628,-1228.172182,-1438.985216,-1423.5952206000002,81600
408,-1638.231575,-1393.2707460000001,-1341.647672,-1439.512956,-1374.704658,-1405.539658,-1541.195255,-1465.267266,-1188.795212,-1509.205913,-1429.7370911,81800
409,-1388.0060740000001,-1492.9662050000002,-1335.539058,-1521.0961710000001,-1444.016817,-1279.417574,-1384.555995,-1559.819766,-1239.290026,-1401.622009,-1404.6329695000002,82000
410,-1585.073343,-1491.789069,-1359.1029839999999,-1329.141029,-1305.423005,-1358.0652619999998,-1526.813257,-1473.494944,-1311.880743,-1504.911825,-1424.5695461,82200
411,-1496.023424,-1399.8314710000002,-1328.179073,-1397.248917,-1268.5572619999998,-1449.086944,-1528.896579,-1050.184217,-1244.871664,-1517.070072,-1367.9949623000002,82400
412,-1579.7069279999998,-1494.529033,-1314.049309,-1346.047407,-1378.768624,-1355.12454,-1500.7076359999999,-1524.788893,-1219.201567,-1425.1843939999999,-1413.8108330999999,82600
413,-1490.3077230000001,-1508.974725,-1217.6370140000001,-1592.422508,-1234.2305279999998,-1489.7290289999999,-1493.929509,-1068.2913,-1354.817968,-1497.193324,-1394.7533627999999,82800
414,-1582.214675,-1454.5866019999999,-1478.280175,-1570.357125,-1303.125325,-1294.2250199999999,-1420.773477,-1471.120781,-1182.189638,-1516.69649,-1427.3569308,83000
415,-1491.853079,-1437.033679,-1032.3485380000002,-1412.450228,-1277.179128,-1376.738423,-1525.239284,-1245.451969,-1310.138788,-1454.0760070000001,-1356.2509122999998,83200
416,-1460.742612,-1501.374419,-1130.2197859999999,-1426.9596099999999,-1360.87809,-1288.1295029999999,-1489.095891,-1495.13069,-1249.647659,-1445.960291,-1384.8138551,83400
417,-1517.430781,-1406.235609,-1510.161756,-1513.523387,-1199.6311130000001,-1384.441831,-1428.893204,-1442.717684,-1339.049437,-1496.742183,-1423.8826985,83600
418,-1505.165674,-1437.6884730000002,-1104.587882,-1389.693692,-1262.427142,-1479.8708550000001,-1498.484227,-1343.239787,-1328.605307,-1416.483309,-1376.6246348,83800
419,-1515.895244,-1502.247425,-772.592333,-1340.46468,-1205.4686179999999,-1484.7196609999999,-1481.397522,-1430.532707,-1401.365517,-1447.033517,-1358.1717224,84000
420,-1534.5510769999999,-1462.648388,-973.5389640000001,-1377.594752,-917.548374,-1501.700357,-1391.558383,-1316.5722230000001,-1351.193709,-1439.654816,-1326.6561043,84200
421,-1613.022007,-1482.914166,-1195.235889,-1372.233275,-1210.077958,-1397.407935,-1499.690469,-1429.185244,-1274.864408,-1489.307437,-1396.3938787999998,84400
422,-1279.811821,-1486.8522779999998,-1189.755074,-1389.59916,-1211.7719220000001,-1386.205894,-1457.102968,-1370.323648,-1329.936311,-1486.129357,-1358.7488432999996,84600
423,-1336.600482,-1504.737359,-1800.1521089999999,-1517.108779,-1190.378806,-1414.923942,-1447.770694,-1495.821876,-1213.131725,-1426.764255,-1434.7390027,84800
424,-1496.598227,-1501.66401,-1050.5979619999998,-1397.664999,-1164.246584,-1441.355998,-1512.445966,-1325.2525,-1355.339402,-1511.6409609999998,-1375.6806609,85000
425,-1311.557301,-1485.9152589999999,-1343.810536,-1349.466926,-1053.325738,-1408.413078,-1464.478711,-1307.622087,-1328.772749,-1505.886303,-1355.9248687999998,85200
426,-1492.744016,-1492.137127,-1232.898901,-1503.223621,-1166.0789359999999,-1359.697576,-1501.335891,-927.9021769999999,-1380.396972,-1504.8823949999999,-1356.1297612000003,85400
427,-1220.833396,-1447.623302,-1223.521258,-1353.340233,-1538.3433,-1377.7696210000001,-1362.862468,-1061.695479,-1335.013587,-1499.21119,-1342.0213834,85600
428,-1478.517342,-1377.372987,-1184.6757380000001,-1265.916777,-1536.854909,-1403.703547,-1506.735944,-1489.395668,-1455.531804,-1455.295766,-1415.4000482,85800
429,-1649.434836,-1424.6614220000001,-1221.602048,-1413.83207,-1343.212813,-1207.0932480000001,-1412.391483,-1033.993432,-1670.052289,-1472.041707,-1384.8315348,86000
430,-1630.850288,-1482.07357,-1229.532823,-1391.6839929999999,-1402.0886619999999,-1418.643201,-1502.7300480000001,-1502.4882380000001,-1187.834758,-1433.407024,-1418.1332605,86200
431,-1457.0447060000001,-1445.829641,-1112.640062,-1531.344617,-1349.369271,-1318.00278,-1511.6369359999999,-1164.436881,-1161.283309,-1483.405611,-1353.4993814,86400
432,-1654.344241,-1432.848291,-1206.0055320000001,-1210.934981,-1477.9394730000001,-919.4916199999999,-1497.110267,-1059.190408,-1614.0644929999999,-1476.9925859999998,-1354.8921892000003,86600
433,-1530.437863,-1412.712834,-1066.71605,-1374.5653109999998,-1364.102222,-1585.352363,-1519.762111,-1443.184851,-1258.2873880000002,-1447.44858,-1400.2569573,86800
434,-1585.559105,-1445.6781230000001,-1206.1478880000002,-780.7708650000001,-1276.575024,-1370.57474,-1508.72703,-1288.0543519999999,-1015.619405,-1412.5297039999998,-1289.0236235999998,87000
435,-1464.821502,-1448.719601,-1440.48576,-1488.726413,-1518.3213210000001,-1559.382572,-1482.233059,-1491.8454570000001,-1500.2747470000002,-1499.8069169999999,-1489.4617349,87200
436,-1515.141426,-1496.6009099999999,-1417.9222710000001,-1339.438006,-1345.612293,-1066.196394,-1511.715753,-1504.264175,-1137.2311029999998,-1452.003923,-1378.6126254,87400
437,-1495.678134,-1457.109105,-836.5238879999999,-1241.533719,-1518.521631,-1484.659033,-1509.541869,-1289.816025,-1189.120293,-1502.080633,-1352.458433,87600
438,-1518.30134,-1451.442918,-1589.214311,-1158.417401,-1660.116301,-1143.6388470000002,-1511.29628,-1079.274628,-1229.19056,-1471.103623,-1381.1996208999997,87800
439,-1478.310748,-1371.359194,-1422.976572,-1524.7800550000002,-1340.266429,-1222.9230929999999,-1464.816901,-1051.393675,-1067.084283,-1455.708855,-1339.9619805,88000
440,-1494.533485,-1469.016814,-1368.572318,-1551.1719460000002,-1345.482917,-1343.771874,-1184.1862449999999,-1210.319497,-1047.116496,-1354.4914039999999,-1336.8662996,88200
441,-1307.430112,-1513.997943,-1526.201153,-1361.9605390000002,-1360.482046,-1045.031352,-1485.58872,-1312.007652,-1336.964962,-1506.2474359999999,-1375.5911915000001,88400
442,-1626.366753,-1463.7051390000001,-1449.808947,-1124.8142699999999,-1481.870908,-1031.3716,-1484.0267199999998,-1196.844825,-1378.870136,-1503.937524,-1374.1616822,88600
443,-1198.14454,-1437.779731,-1509.059826,-1335.490583,-1247.605106,-1176.636625,-1323.167607,-1419.454553,-1183.4733019999999,-1481.605717,-1331.241759,88800
444,-1519.981188,-1387.4461509999999,-1374.69559,-1110.968567,-1427.613892,-1151.582848,-1514.967265,-1222.4815720000001,-1397.254883,-1445.360485,-1355.2352440999998,89000
445,-1338.45166,-1321.971445,-1504.752512,-1152.7198529999998,-1225.229112,-1175.399417,-1491.378542,-1241.861675,-1359.866736,-1469.265363,-1328.0896315,89200
446,-1494.6834310000002,-1321.732006,-1480.4051,-1161.636531,-1333.3427470000001,-1217.095114,-1438.779096,-1248.601473,-1357.336825,-1381.181352,-1343.4793675,89400
447,-1496.710544,-1336.661237,-1505.441766,-1319.85758,-1198.5953789999999,-1308.0648099999999,-1487.89142,-1517.664522,-1373.0689810000001,-1415.089841,-1395.904608,89600
448,-1641.252461,-1264.789906,-1529.456115,-1430.0505779999999,-1233.873858,-1367.388911,-1510.364035,-1273.593505,-1393.893074,-1459.715752,-1410.4378195,89800
449,-1523.052792,-1293.434858,-1365.556923,-1523.617377,-1347.417583,-1306.202577,-1507.986829,-1144.714083,-1499.627588,-1412.20496,-1392.381557,90000
450,-1493.224952,-1300.849268,-1502.553505,-1136.74624,-1385.719787,-1353.91254,-1517.517787,-1508.7708910000001,-1400.9044039999999,-1453.432421,-1405.3631795,90200
451,-1389.3601099999998,-1385.435083,-1353.0249210000002,-1507.617032,-1347.321388,-1356.465915,-1510.5545220000001,-1209.691678,-1515.3777890000001,-1420.560839,-1399.5409277,90400
452,-1504.803605,-1339.515455,-1512.198951,-1393.5521720000002,-1366.0119339999999,-1405.659391,-1468.4006570000001,-1197.02046,-1469.559502,-1499.76073,-1415.6482856999999,90600
453,-1365.0605269999999,-1307.24381,-1434.66975,-1299.8383900000001,-1491.570125,-1504.4654779999998,-1480.656886,-1240.345013,-1366.650465,-1501.885826,-1399.2386270000002,90800
454,-1488.464821,-1222.365716,-1508.2937769999999,-1320.266787,-1387.186178,-1518.475752,-1449.593439,-1188.525472,-1182.084405,-1481.0164949999998,-1374.6272841999998,91000
455,-1437.689874,-1356.0661949999999,-1517.76037,-1354.762094,-1475.7591109999998,-1528.567448,-1465.343919,-1501.226485,-1338.9738630000002,-1412.11388,-1438.8263239,91200
456,-1493.6302050000002,-1404.4858550000001,-1487.035304,-1495.513715,-1485.4852970000002,-1452.8541699999998,-1511.5148900000002,-1521.170353,-1377.173992,-1407.018366,-1463.5882147,91400
457,-1193.841173,-1197.805949,-1458.569744,-1503.9062529999999,-1502.785983,-1288.639381,-1503.312759,-1493.53197,-1386.766173,-1499.899263,-1402.9058647999998,91600
458,-1169.875331,-1327.001393,-1532.276267,-1386.851984,-1362.016114,-1377.258975,-1514.915757,-786.934791,-1336.237437,-1422.4023869999999,-1321.5770435999998,91800
459,-1633.442743,-1324.453848,-1530.65894,-1525.007489,-1464.821288,-1422.1443769999998,-1436.929273,-1116.563978,-1343.0971,-1505.19372,-1430.2312756,92000
460,-1409.664437,-1492.283222,-1521.1059109999999,-1454.895636,-1537.630932,-1510.613292,-1515.226383,-1052.852155,-1474.6949,-1491.224842,-1446.019171,92200
461,-1401.867919,-1223.257737,-1489.6992050000001,-1537.04362,-1531.1485890000001,-1415.126575,-1256.84367,-1493.545682,-1292.9106259999999,-1492.989836,-1413.4433459,92400
462,-1609.438173,-1210.649791,-1506.8639150000001,-1419.33023,-1530.663324,-1380.203359,-1456.700164,-1449.7391810000001,-1303.475794,-1479.322086,-1434.6386017,92600
463,-1492.783776,-1208.586049,-1520.362368,-1624.473737,-1488.535498,-1525.1102779999999,-1500.6124220000002,-1492.963819,-1325.216893,-1468.283776,-1464.6928616,92800
464,-1497.54047,-1248.957638,-1577.9168789999999,-1508.463068,-1597.878194,-1361.914209,-1515.759276,-1433.952965,-1248.520289,-1447.689221,-1443.8592209000003,93000
465,-1411.080643,-1132.153993,-1539.850997,-1528.115246,-1460.696588,-1371.5711609999998,-1377.613114,-1117.6397259999999,-1225.24532,-1490.7134,-1365.4680187999998,93200
466,-1647.031767,-1198.778228,-1501.149721,-1504.9461720000002,-1525.666743,-1332.31056,-1493.3651630000002,-1254.145869,-1286.4503869999999,-1454.804464,-1419.8649074,93400
467,-1506.00666,-1168.112527,-1413.1289960000001,-1585.945842,-1517.033466,-1336.004952,-1477.578691,-1056.4873220000002,-1331.2662699999998,-1476.638457,-1386.8203183,93600
468,-1442.578923,-1396.1177599999999,-1338.361223,-1570.46867,-1504.755075,-1262.565771,-1262.45587,-1517.916383,-1173.803211,-1474.343326,-1394.3366212,93800
469,-1488.599344,-1495.762503,-1484.84723,-1380.6443570000001,-1510.722619,-1344.283815,-1496.510812,-1051.817129,-1032.178505,-1498.3293820000001,-1378.3695696000002,94000
470,-1641.2159060000001,-1060.954984,-1222.0767759999999,-1537.033295,-1448.148025,-1263.598812,-1362.32267,-1394.071373,-1478.297958,-1495.737243,-1390.3457042000002,94200
471,-1513.66447,-1469.6128410000001,-1291.110377,-1501.285366,-1548.964189,-1519.668827,-1501.434736,-847.161322,-1413.697808,-1459.511152,-1406.6111087999998,94400
472,-1495.636035,-1148.32276,-1441.2042470000001,-1609.354789,-1618.126408,-1401.058872,-1331.930196,-1455.162442,-1261.457613,-1504.027781,-1426.6281143,94600
473,-1484.912668,-1084.871701,-1378.929158,-1639.621141,-1503.127836,-1509.95585,-1500.982569,-1525.103121,-1103.47573,-1412.038151,-1414.3017925,94800
474,-1596.77934,-1505.571678,-1352.113091,-1542.289701,-1534.3352929999999,-1471.806808,-1289.572408,-1306.418712,-1197.7624970000002,-1416.3623519999999,-1421.301188,95000
475,-1503.41885,-1307.578414,-1333.919022,-1555.3570140000002,-1592.225014,-1432.268362,-1505.768655,-1007.2949449999999,-1226.1013039999998,-1505.117041,-1396.9048621,95200
476,-1323.4158869999999,-1047.26743,-1209.826901,-1610.75414,-1538.661733,-1243.736151,-1502.663443,-1331.0329,-1370.439003,-1399.903517,-1357.7701105,95400
477,-1636.712065,-946.124213,-1371.146612,-1580.615775,-1597.09751,-1524.734978,-1515.872489,-1202.2906449999998,-1378.583273,-1433.287634,-1418.6465193999998,95600
478,-1494.2093009999999,-1196.27384,-1475.405673,-1648.9072640000002,-1604.025829,-1483.582435,-1402.7601730000001,-1184.277848,-1374.620181,-1182.6736039999998,-1404.6736148,95800
479,-1578.711577,-940.526791,-1456.937767,-1629.0686640000001,-1490.229131,-1487.701966,-1415.757475,-1047.00829,-1483.6755150000001,-1362.71156,-1389.2328736000002,96000
480,-1470.7926810000001,-1333.435573,-1046.559968,-1467.674751,-1519.444254,-1376.939842,-1492.01981,-1052.772256,-1422.678509,-1379.485727,-1356.1803370999999,96200
481,-1315.6367710000002,-1203.638845,-1348.936273,-1531.588776,-1474.2728630000001,-1518.204758,-1519.6509039999999,-1496.878566,-1238.284529,-1298.532952,-1394.5625237,96400
482,-1499.0739839999999,-1332.1772330000001,-1254.640754,-1375.08187,-1522.714335,-1372.837802,-1529.875175,-1445.306106,-1484.8172240000001,-1332.802196,-1414.9326679,96600
483,-1555.788399,-1454.26667,-1205.824567,-1553.554088,-1507.137406,-1176.0162890000001,-1457.519581,-1088.266933,-1396.332341,-1328.525998,-1372.3232272,96800
484,-1425.819455,-1383.835769,-1212.722097,-1502.621916,-1574.408001,-1056.7130339999999,-1480.537847,-1309.812624,-1359.685809,-1454.26667,-1376.0423222000002,97000
485,-1606.2504880000001,-936.9224550000001,-1123.8969220000001,-1576.001489,-1568.00288,-1204.071367,-1507.280337,-1506.263945,-1395.007151,-1293.5030199999999,-1371.7200054,97200
486,-1499.883434,-992.642893,-897.486136,-1570.226833,-1526.558784,-1649.87211,-1437.361834,-1284.840531,-1450.776442,-1177.648766,-1348.7297763000001,97400
487,-1446.257423,-1288.6132189999998,-1142.5645869999998,-1546.851625,-1426.92909,-862.0054439999999,-1515.146921,-1199.2290380000002,-1434.790143,-1189.379803,-1305.1767292999998,97600
488,-1206.6678960000002,-953.9251710000001,-1109.595453,-1409.7157710000001,-1516.691369,-1214.7458980000001,-1504.797486,-951.5291589999999,-1494.7054890000002,-1328.660774,-1269.1034466,97800
489,-1131.6463,-1281.875291,-972.5778050000001,-1604.417197,-1458.279481,-1674.772182,-1516.461368,-940.06071,-1317.7606130000001,-1129.4250960000002,-1302.7276043,98000
490,-1412.2912310000002,-1260.094624,-971.455375,-1545.717908,-1454.737483,-1179.9319380000002,-1263.974971,-943.3865099999999,-1239.161065,-986.305211,-1225.7056316000003,98200
491,-1435.978532,-939.760002,-1506.014528,-1431.27629,-1475.107117,-652.890039,-1478.546184,-1272.1339,-1301.907913,-1275.5687460000001,-1276.9183251000002,98400
492,-893.302144,-1228.506339,-1129.197375,-1374.677907,-1522.8822949999999,-919.979712,-1486.392808,-1224.896557,-1227.580637,-1523.874858,-1253.1290632,98600
493,-1518.0962279999999,-1373.8075900000001,-1613.846233,-1479.486464,-1560.5031179999999,-887.104372,-1487.075101,-1347.1038529999998,-1109.016746,-989.643441,-1336.5683146000001,98800
494,-1252.68028,-1392.498108,-1546.339205,-1559.58193,-1647.79969,-1061.164877,-1518.3752259999999,-1099.4841119999999,-1330.8663,-1373.8075900000001,-1378.2597318,99000
495,-1494.217883,-1279.304942,-1177.4399349999999,-1538.836431,-1532.273009,-1197.723326,-1477.0856789999998,-1336.577362,-1106.6147230000001,-1106.532447,-1324.6605737,99200
496,-1511.060374,-1181.007245,-1059.0992390000001,-1406.087601,-1501.952987,-939.6545279999999,-1503.090487,-1057.34302,-1028.730339,-1278.658328,-1246.6684148,99400
497,-1267.408992,-1489.4111699999999,-1418.224186,-1478.498817,-1623.418416,-1236.255474,-1477.441607,-1462.133403,-1151.94226,-1188.940077,-1379.3674402,99600
